-- phpMyAdmin SQL Dump
-- version 5.1.0
-- https://www.phpmyadmin.net/
--
-- Host: 127.0.0.1
-- Generation Time: Oct 02, 2021 at 07:52 PM
-- Server version: 10.4.19-MariaDB
-- PHP Version: 7.4.19

SET SQL_MODE = "NO_AUTO_VALUE_ON_ZERO";
START TRANSACTION;
SET time_zone = "+00:00";


/*!40101 SET @OLD_CHARACTER_SET_CLIENT=@@CHARACTER_SET_CLIENT */;
/*!40101 SET @OLD_CHARACTER_SET_RESULTS=@@CHARACTER_SET_RESULTS */;
/*!40101 SET @OLD_COLLATION_CONNECTION=@@COLLATION_CONNECTION */;
/*!40101 SET NAMES utf8mb4 */;

--
-- Database: `voucher_nafeesah`
--

-- --------------------------------------------------------

--
-- Table structure for table `7th`
--

CREATE TABLE `7th` (
  `id` int(11) NOT NULL,
  `invoice_number` int(11) NOT NULL,
  `invoice_date` date NOT NULL,
  `invoice_amm` int(11) NOT NULL,
  `ref_amm` int(11) DEFAULT NULL,
  `ref_date` date DEFAULT NULL,
  `customer_name` varchar(18) NOT NULL,
  `customer_phone` varchar(30) DEFAULT NULL,
  `branch_name` varchar(3) NOT NULL,
  `created` date NOT NULL
) ENGINE=InnoDB DEFAULT CHARSET=utf8;

--
-- Dumping data for table `7th`
--

INSERT INTO `7th` (`id`, `invoice_number`, `invoice_date`, `invoice_amm`, `ref_amm`, `ref_date`, `customer_name`, `customer_phone`, `branch_name`, `created`) VALUES
(1, 2771, '2020-03-05', 0, NULL, NULL, 'ملغي', NULL, '7th', '2020-09-13'),
(2, 2772, '2020-03-05', 10, 10, '2020-06-20', 'محمد شابسوغ', NULL, '7th', '2020-09-13'),
(3, 2773, '2020-03-05', 10, 10, '2020-06-20', 'اكرم عفانه', NULL, '7th', '2020-09-13'),
(4, 2774, '2020-03-05', 10, 10, '2020-06-20', 'محمد الجزازي', NULL, '7th', '2020-09-13'),
(5, 2775, '2020-03-06', 20, 20, '2020-06-20', 'مصطفى العقرباوي', NULL, '7th', '2020-09-13'),
(6, 2776, '2020-03-06', 10, 10, '2020-06-20', 'عبد الله حويطات', NULL, '7th', '2020-09-13'),
(7, 2777, '2020-03-06', 10, 10, '2020-06-20', 'مضر ابو سيف', NULL, '7th', '2020-09-13'),
(8, 2778, '2020-03-06', 10, 10, '2020-06-20', 'ميسر مزهر', NULL, '7th', '2020-09-13'),
(9, 2779, '2020-03-07', 0, NULL, NULL, 'ملغي', NULL, '7th', '2020-09-13'),
(10, 2780, '2020-03-07', 10, 10, '2020-06-20', 'مأمون بلبيسي', NULL, '7th', '2020-09-13'),
(11, 2781, '2020-03-07', 10, NULL, NULL, 'عمر بسام', NULL, '7th', '2020-09-13'),
(12, 2782, '2020-03-08', 10, 10, '2020-06-20', 'مفلح العلاوين', NULL, '7th', '2020-09-13'),
(13, 2783, '2020-03-08', 10, 10, '2020-06-20', 'فراس بعلبكي', NULL, '7th', '2020-09-13'),
(14, 2784, '2020-03-09', 10, 10, '2020-06-24', 'محمد نور', NULL, '7th', '2020-09-13'),
(15, 2785, '2020-03-09', 10, 10, '2020-06-20', 'طارق', NULL, '7th', '2020-09-13'),
(16, 2786, '2020-03-10', 10, 10, '2020-06-20', 'مهند سعيد', NULL, '7th', '2020-09-13'),
(17, 2787, '2020-03-10', 10, NULL, NULL, 'محمد ماعين', NULL, '7th', '2020-09-13'),
(18, 2788, '2020-03-10', 10, 10, '2020-06-24', 'هشام الزيود', NULL, '7th', '2020-09-13'),
(19, 2789, '2020-03-10', 10, 10, '2020-06-20', 'يزن اللحام', NULL, '7th', '2020-09-13'),
(20, 2790, '2020-03-11', 10, 10, '2020-06-20', 'سالم الصرايره', NULL, '7th', '2020-09-13'),
(21, 2791, '2020-03-12', 10, 10, '2020-06-23', 'شرين العيسى', NULL, '7th', '2020-09-13'),
(22, 2792, '2020-03-12', 10, 10, '2020-06-21', 'هند مصلح', NULL, '7th', '2020-09-13'),
(23, 2793, '2020-03-13', 10, 10, '2020-06-21', 'يحيى العايد', NULL, '7th', '2020-09-13'),
(24, 2794, '2020-03-13', 10, 10, '2020-06-24', 'عماد الحنيطي', NULL, '7th', '2020-09-13'),
(25, 2795, '2020-03-13', 20, 20, '2020-06-20', 'عمار بشير', NULL, '7th', '2020-09-13'),
(26, 2796, '2020-03-13', 20, 20, '2020-06-20', 'محمود المناصير', NULL, '7th', '2020-09-13'),
(27, 2797, '2020-03-13', 10, 10, '2020-06-20', 'محمد الجيطان', NULL, '7th', '2020-09-13'),
(28, 2798, '2020-03-13', 10, 10, '2020-06-21', 'سليمان عبيدات', NULL, '7th', '2020-09-13'),
(29, 2799, '2020-03-13', 10, 10, '2020-06-20', 'وسيم', NULL, '7th', '2020-09-13'),
(30, 2800, '2020-03-13', 10, 10, '2020-06-20', 'عمار بشير', NULL, '7th', '2020-09-13'),
(31, 2851, '2020-03-13', 20, 20, '2020-06-20', 'سهاد الضمور', NULL, '7th', '2020-09-13'),
(32, 2852, '2020-03-14', 10, NULL, NULL, 'شادي فاخوري', NULL, '7th', '2020-09-13'),
(33, 2853, '2020-03-14', 10, 10, '2020-06-20', 'لانا السقا', NULL, '7th', '2020-09-13'),
(34, 2854, '2020-03-14', 10, 10, '2020-06-20', 'رشيد خصاونه', NULL, '7th', '2020-09-13'),
(35, 2855, '2020-03-14', 10, 10, '2020-06-21', 'عبد الفتاح زاهده', NULL, '7th', '2020-09-13'),
(36, 2856, '2020-03-15', 10, 10, '2020-06-20', 'حسام الزعبي', NULL, '7th', '2020-09-13'),
(37, 2857, '2020-03-15', 20, NULL, NULL, 'عيسى الشروف', NULL, '7th', '2020-09-13'),
(38, 2858, '2020-03-16', 10, NULL, NULL, 'ليث الديباري', NULL, '7th', '2020-09-13'),
(39, 2859, '2020-03-16', 10, 10, '2020-06-23', 'خالد الصالح', NULL, '7th', '2020-09-13'),
(40, 2860, '2020-03-18', 10, 10, '2020-06-21', 'شاهر النتشه', NULL, '7th', '2020-09-13'),
(41, 2861, '2020-03-20', 20, 20, '2020-06-21', 'احمد المرافي', NULL, '7th', '2020-09-13'),
(42, 2862, '2020-03-20', 10, 10, '2020-06-21', 'ناصر خندقجي', NULL, '7th', '2020-09-13'),
(43, 2863, '2020-04-30', 20, 20, '2020-06-23', 'علي بني فواز', NULL, '7th', '2020-09-13'),
(44, 2864, '2020-04-30', 10, NULL, NULL, 'يزن الصباغ', NULL, '7th', '2020-09-13'),
(45, 2865, '2020-05-02', 10, NULL, NULL, 'احمد الزعبي', NULL, '7th', '2020-09-13'),
(46, 2866, '2020-05-02', 10, NULL, NULL, 'فؤاد الدويري', NULL, '7th', '2020-09-13'),
(47, 2867, '2020-05-02', 10, 10, '2020-06-23', 'فريد صالح', NULL, '7th', '2020-09-13'),
(48, 2868, '2020-05-02', 10, NULL, NULL, 'محمد خطاب', NULL, '7th', '2020-09-13'),
(49, 2869, '2020-05-02', 10, NULL, NULL, 'مصطفى محمد', NULL, '7th', '2020-09-13'),
(50, 2870, '2020-05-02', 10, NULL, NULL, 'غازي القماز', NULL, '7th', '2020-09-13'),
(51, 2871, '2020-05-03', 0, NULL, NULL, 'ملغي', NULL, '7th', '2020-09-13'),
(52, 2872, '2020-05-03', 10, 10, '2020-06-23', 'مهند المجالي', NULL, '7th', '2020-09-13'),
(53, 2873, '2020-05-03', 10, NULL, NULL, 'مهند الساعين', NULL, '7th', '2020-09-13'),
(54, 2874, '2020-05-03', 10, NULL, NULL, 'حنان هنداوي', NULL, '7th', '2020-09-13'),
(55, 2875, '2020-05-03', 10, 10, '2020-06-23', 'علي التميمي', NULL, '7th', '2020-09-13'),
(56, 2876, '2020-05-04', 10, 10, '2020-06-23', 'طارق الطباع', NULL, '7th', '2020-09-13'),
(57, 2877, '2020-05-04', 10, 10, '2020-06-23', 'ايهم المنسي', NULL, '7th', '2020-09-13'),
(58, 2878, '2020-05-04', 10, NULL, NULL, 'مهند الساعين', NULL, '7th', '2020-09-13'),
(59, 2879, '2020-05-06', 10, NULL, NULL, 'عيسى هاني', NULL, '7th', '2020-09-13'),
(60, 2880, '2020-05-07', 10, 10, '2020-06-23', 'رحاب عمر', NULL, '7th', '2020-09-13'),
(61, 2881, '2020-05-07', 10, 10, '2020-06-23', 'محمود عياصره', NULL, '7th', '2020-09-13'),
(62, 2882, '2020-05-07', 10, 10, '2020-06-23', 'عبد المنعم عبود', NULL, '7th', '2020-09-13'),
(63, 2883, '2020-05-09', 0, NULL, NULL, 'ملغي', NULL, '7th', '2020-09-13'),
(64, 2884, '2020-05-12', 10, 10, '2020-06-23', 'مهند المجالي', NULL, '7th', '2020-09-13'),
(65, 2885, '2020-05-12', 10, NULL, NULL, 'باسل دويك', NULL, '7th', '2020-09-13'),
(66, 2886, '2020-05-13', 10, NULL, NULL, 'اسامه جمال', NULL, '7th', '2020-09-13'),
(67, 2887, '2020-05-13', 10, 10, '2020-06-23', 'احمد المقسيني', NULL, '7th', '2020-09-13'),
(68, 2888, '2020-05-14', 10, 10, '2020-06-23', 'معاذ داوود', NULL, '7th', '2020-09-13'),
(69, 2889, '2020-05-14', 10, NULL, NULL, 'الجعبري', NULL, '7th', '2020-09-13'),
(70, 2890, '2020-05-17', 10, 10, '2020-06-24', 'سحر عبد الرحمن', NULL, '7th', '2020-09-13'),
(71, 2891, '2020-05-17', 30, 30, '2020-06-23', 'بلال حسين', NULL, '7th', '2020-09-13'),
(72, 2892, '2020-05-17', 10, 10, '2020-06-24', 'منذر', NULL, '7th', '2020-09-13'),
(73, 2893, '2020-05-18', 10, NULL, NULL, 'نسيم عسكر', NULL, '7th', '2020-09-13'),
(74, 2894, '2020-05-18', 10, NULL, NULL, 'محمد ابو رمان', NULL, '7th', '2020-09-13'),
(75, 2895, '2020-05-19', 10, 10, '2020-06-23', 'ضياء سعد', NULL, '7th', '2020-09-13'),
(76, 2896, '2020-05-19', 10, 10, '2020-06-23', 'ابو صلاح', NULL, '7th', '2020-09-13'),
(77, 2897, '2020-05-20', 10, 10, '2020-06-24', 'ليث العتوم', NULL, '7th', '2020-09-13'),
(78, 2898, '2020-05-21', 10, 10, '2020-06-24', 'احمد يوسف ابو زيد', NULL, '7th', '2020-09-13'),
(79, 2899, '2020-05-21', 10, 10, '2020-06-24', 'احمد علاوي', NULL, '7th', '2020-09-13'),
(80, 2900, '2020-05-25', 10, 10, '2020-06-24', 'بكر احمد عبد الله', NULL, '7th', '2020-09-13'),
(81, 2901, '2020-05-25', 10, NULL, NULL, 'اسامه الساحوري', NULL, '7th', '2020-09-13'),
(82, 2902, '2020-05-25', 10, 10, '2020-06-24', 'سليمان عبيدات', NULL, '7th', '2020-09-13'),
(83, 2903, '2020-05-26', 0, NULL, NULL, 'ملغي', NULL, '7th', '2020-09-13'),
(84, 2904, '2020-05-26', 10, 10, '2020-06-24', 'رائد', NULL, '7th', '2020-09-13'),
(85, 2905, '2020-05-26', 10, NULL, NULL, 'علي العجيلي', NULL, '7th', '2020-09-13'),
(86, 2906, '2020-05-26', 10, 10, '2020-06-24', 'رسمي محاسنه', NULL, '7th', '2020-09-13'),
(87, 2907, '2020-05-27', 10, NULL, NULL, 'محمد عشا', NULL, '7th', '2020-09-13'),
(88, 2908, '2020-05-28', 10, NULL, NULL, 'فيصل الحر', NULL, '7th', '2020-09-13'),
(89, 2909, '2020-05-28', 10, NULL, NULL, 'علي جراجنه', NULL, '7th', '2020-09-13'),
(90, 2910, '2020-05-28', 10, NULL, NULL, 'عادل حداد', NULL, '7th', '2020-09-13'),
(91, 2911, '2020-05-28', 20, 20, '2020-06-24', 'معاذ ابو حصوه', NULL, '7th', '2020-09-13'),
(92, 2912, '2020-05-28', 20, 20, '2020-06-24', 'زياد حلمي', NULL, '7th', '2020-09-13'),
(93, 2913, '2020-05-30', 30, 30, '2020-06-24', 'صدام العبادي', NULL, '7th', '2020-09-13'),
(94, 2914, '2020-06-01', 10, NULL, NULL, 'بسام الخشامره', NULL, '7th', '2020-09-13'),
(95, 2915, '2020-06-01', 10, NULL, NULL, 'مشعل الراجحي', NULL, '7th', '2020-09-13'),
(96, 2916, '2020-06-02', 10, NULL, NULL, 'علاء القاسم', NULL, '7th', '2020-09-13'),
(97, 2917, '2020-06-02', 10, NULL, NULL, 'شهد سيف', NULL, '7th', '2020-09-13'),
(98, 2918, '2020-06-02', 20, NULL, NULL, 'مصطفى خالد', NULL, '7th', '2020-09-13'),
(99, 2919, '2020-06-02', 20, NULL, NULL, 'محمد درفاوي', NULL, '7th', '2020-09-13'),
(100, 2920, '2020-06-03', 10, NULL, NULL, 'نضال الشيخ', NULL, '7th', '2020-09-13'),
(101, 2921, '2020-06-03', 20, NULL, NULL, 'نعيم العدوان', NULL, '7th', '2020-09-13'),
(102, 2922, '2020-06-03', 20, NULL, NULL, 'صدام المجالي', NULL, '7th', '2020-09-13'),
(103, 2923, '2020-06-03', 20, NULL, NULL, 'عبد الله العجارمه', NULL, '7th', '2020-09-13'),
(104, 2924, '2020-06-03', 10, NULL, NULL, 'عدي روبن', NULL, '7th', '2020-09-13'),
(105, 2925, '2020-06-03', 20, NULL, NULL, 'عصام العمايره', NULL, '7th', '2020-09-13'),
(106, 2926, '2020-06-04', 10, NULL, NULL, 'حازم الحباشنه', NULL, '7th', '2020-09-13'),
(107, 2927, '2020-06-04', 20, NULL, NULL, 'احمد العمري', NULL, '7th', '2020-09-13'),
(108, 2928, '2020-06-04', 10, NULL, NULL, 'كمال قاقيش', NULL, '7th', '2020-09-13'),
(109, 2929, '2020-06-04', 10, NULL, NULL, 'لؤي المدني', NULL, '7th', '2020-09-13'),
(110, 2930, '2020-06-04', 10, NULL, NULL, 'بشار العوامله', NULL, '7th', '2020-09-13'),
(111, 2931, '2020-06-04', 10, NULL, NULL, 'سايس ابراهيم', NULL, '7th', '2020-09-13'),
(112, 2932, '2020-06-04', 10, NULL, NULL, 'فائض الدراس', NULL, '7th', '2020-09-13'),
(113, 2933, '2020-06-04', 10, NULL, NULL, 'محمد علي العمه', NULL, '7th', '2020-09-13'),
(114, 2934, '2020-06-04', 10, NULL, NULL, 'ضياء مراد', NULL, '7th', '2020-09-13'),
(115, 2935, '2020-06-06', 10, NULL, NULL, 'سميره محيات', NULL, '7th', '2020-09-13'),
(116, 2936, '2020-06-06', 20, NULL, NULL, 'عصام بطاينه', NULL, '7th', '2020-09-13'),
(117, 2937, '2020-06-06', 10, NULL, NULL, 'جميل الوحيدي', NULL, '7th', '2020-09-13'),
(118, 2938, '2020-06-06', 10, NULL, NULL, 'عصام رزق الله', NULL, '7th', '2020-09-13'),
(119, 2939, '2020-06-06', 10, NULL, NULL, 'علاء القاسم', NULL, '7th', '2020-09-13'),
(120, 2940, '2020-06-06', 10, NULL, NULL, 'مهند المناصير', NULL, '7th', '2020-09-13'),
(121, 2941, '2020-06-06', 10, NULL, NULL, 'محمد ابو رامي', NULL, '7th', '2020-09-13'),
(122, 2942, '2020-06-06', 20, NULL, NULL, 'علي الشوابكه', NULL, '7th', '2020-09-13'),
(123, 2943, '2020-06-06', 10, NULL, NULL, 'فاطمه السعيد', NULL, '7th', '2020-09-13'),
(124, 2944, '2020-06-06', 10, NULL, NULL, 'احمد العبادي', NULL, '7th', '2020-09-13'),
(125, 2945, '2020-06-07', 10, NULL, NULL, 'هيثم الشرايره', NULL, '7th', '2020-09-13'),
(126, 2946, '2020-06-07', 10, NULL, NULL, 'انس شديفات', NULL, '7th', '2020-09-13'),
(127, 2947, '2020-06-07', 10, NULL, NULL, 'عبد الله فيصل', NULL, '7th', '2020-09-13'),
(128, 2948, '2020-06-07', 10, NULL, NULL, 'رامي هلسه', NULL, '7th', '2020-09-13'),
(129, 2949, '2020-06-08', 10, NULL, NULL, 'مأمون عبيدات', NULL, '7th', '2020-09-13'),
(130, 2950, '2020-06-08', 10, NULL, NULL, 'احمد حسن', NULL, '7th', '2020-09-13'),
(131, 2801, '2020-06-08', 10, NULL, NULL, 'اسما حسن', NULL, '7th', '2020-09-13'),
(132, 2802, '2020-06-08', 10, NULL, NULL, 'ابراهيم غانم', NULL, '7th', '2020-09-13'),
(133, 2803, '2020-06-08', 10, NULL, NULL, 'احمد علاوي', NULL, '7th', '2020-09-13'),
(134, 2804, '2020-06-08', 10, NULL, NULL, 'حسن الكسواني', NULL, '7th', '2020-09-13'),
(135, 2805, '2020-06-09', 10, NULL, NULL, 'دينا حماد', NULL, '7th', '2020-09-13'),
(136, 2806, '2020-06-10', 10, NULL, NULL, 'د. احمد دغولس', NULL, '7th', '2020-09-13'),
(137, 2807, '2020-06-10', 10, NULL, NULL, 'حمزه حطايبه', NULL, '7th', '2020-09-13'),
(138, 2808, '2020-06-10', 10, NULL, NULL, 'باسل ابو العدس', NULL, '7th', '2020-09-13'),
(139, 2809, '2020-06-10', 50, NULL, NULL, 'محمد الشياب', NULL, '7th', '2020-09-13'),
(140, 2810, '2020-06-10', 20, NULL, NULL, 'اسامه عوض', NULL, '7th', '2020-09-13'),
(141, 2811, '2020-06-11', 10, NULL, NULL, 'شادي البلاونه', NULL, '7th', '2020-09-13'),
(142, 2812, '2020-06-11', 20, NULL, NULL, 'محمد صالح', NULL, '7th', '2020-09-13'),
(143, 2813, '2020-06-11', 10, NULL, NULL, 'محمد علي عكاوي', NULL, '7th', '2020-09-13'),
(144, 2814, '2020-06-11', 10, NULL, NULL, 'مهند عفيشات', NULL, '7th', '2020-09-13'),
(145, 2815, '2020-06-11', 10, NULL, NULL, 'احمد مطر', NULL, '7th', '2020-09-13'),
(146, 2816, '2020-06-12', 10, NULL, NULL, 'محمد الخالدي', NULL, '7th', '2020-09-13'),
(147, 2817, '2020-06-12', 10, NULL, NULL, 'بدون اسم', NULL, '7th', '2020-09-13'),
(148, 2818, '2020-06-12', 10, NULL, NULL, 'بدون اسم', NULL, '7th', '2020-09-13'),
(149, 2819, '2020-06-12', 0, NULL, NULL, 'ملغي', NULL, '7th', '2020-09-13'),
(150, 2820, '2020-06-12', 10, NULL, NULL, 'عبد الرحمن النابلس', NULL, '7th', '2020-09-13'),
(151, 2821, '2020-06-12', 10, NULL, NULL, 'محمد السهار', NULL, '7th', '2020-09-13'),
(152, 2822, '2020-06-12', 10, NULL, NULL, 'ام احمد', NULL, '7th', '2020-09-13'),
(153, 2823, '2020-06-12', 30, NULL, NULL, 'حمزه ابراهيم', NULL, '7th', '2020-09-13'),
(154, 2824, '2020-06-12', 10, NULL, NULL, 'سامي مصلح', NULL, '7th', '2020-09-13'),
(155, 2825, '2020-06-12', 10, NULL, NULL, 'محمد مسنيه', NULL, '7th', '2020-09-13'),
(156, 2826, '2020-06-12', 10, NULL, NULL, 'عمار بشير', NULL, '7th', '2020-09-13'),
(157, 2827, '2020-06-13', 10, NULL, NULL, 'ليث الخطيب', NULL, '7th', '2020-09-13'),
(158, 2828, '2020-06-13', 20, NULL, NULL, 'علاء شبيلات', NULL, '7th', '2020-09-13'),
(159, 2829, '2020-06-13', 10, NULL, NULL, 'عمر السقا', NULL, '7th', '2020-09-13'),
(160, 2830, '2020-06-13', 10, NULL, NULL, 'عدنان محمد', NULL, '7th', '2020-09-13'),
(161, 2831, '2020-06-13', 10, NULL, NULL, 'احمد اللافي', NULL, '7th', '2020-09-13'),
(162, 2832, '2020-06-13', 0, NULL, NULL, 'ملغي', NULL, '7th', '2020-09-13'),
(163, 2833, '2020-06-13', 10, NULL, NULL, 'راضي تفاحه', NULL, '7th', '2020-09-13'),
(164, 2834, '2020-06-14', 10, 0, '0000-00-00', 'عبد الفتاح الضمور', NULL, '7th', '2020-09-13'),
(165, 2835, '2020-06-14', 10, NULL, NULL, 'مؤيد العبادي', NULL, '7th', '2020-09-13'),
(166, 2836, '2020-06-15', 10, NULL, NULL, 'د. فاطمه قوقزه', NULL, '7th', '2020-09-13'),
(167, 2837, '2020-06-15', 10, NULL, NULL, 'عبد الله الداود', NULL, '7th', '2020-09-13'),
(168, 2838, '2020-06-15', 10, NULL, NULL, 'داني بدر', NULL, '7th', '2020-09-13'),
(169, 2839, '2020-06-15', 20, 20, '2020-09-13', 'حمدي عبد الرازق', NULL, '7th', '2020-09-13'),
(170, 2840, '2020-06-16', 10, 10, '2020-09-13', 'مأمون الصمادي', NULL, '7th', '2020-09-13'),
(172, 2842, '2020-06-16', 10, 10, '2020-09-13', 'خالد المناصير', NULL, '7th', '2020-09-13');

-- --------------------------------------------------------

--
-- Table structure for table `customers`
--

CREATE TABLE `customers` (
  `id` int(11) NOT NULL,
  `cus_name` varchar(50) NOT NULL,
  `cus_phone` varchar(15) NOT NULL,
  `cus_add` varchar(50) NOT NULL,
  `created` date NOT NULL
) ENGINE=InnoDB DEFAULT CHARSET=utf8;

--
-- Dumping data for table `customers`
--

INSERT INTO `customers` (`id`, `cus_name`, `cus_phone`, `cus_add`, `created`) VALUES
(1, 'محمود النوري', '0795658412', 'عمان-تلاع العلي', '2020-09-05'),
(2, 'سعد الزعبي', '0795702422', '', '2020-09-05'),
(3, 'مصطفى حماد', '0777364424', '', '2020-09-06'),
(4, 'محمود الصافي', '07765552666', '', '2020-09-06'),
(5, 'سعد الزعبي', '0795702422', '', '2020-09-06'),
(7, 'عامر العمري', '', '', '2020-09-07'),
(8, 'خالد سعيد أحمد', '0798362514', '', '2020-09-07'),
(9, 'أحمد محمد ', '0798362514', '', '2020-09-07'),
(10, 'هشام النح', '', '', '2020-09-07'),
(11, 'هلال احمد خالد النح', '', '', '2020-09-07'),
(12, 'ساره', '0798321321', 'عمان-تلاع العلي', '2020-09-16'),
(13, '', '', '', '2020-09-13'),
(15, 'مصطفى حماد', '', '', '2020-09-16'),
(16, '', '', '', '2020-09-30'),
(17, 'علاء صوافطة', '0795702422', '', '2020-09-30'),
(18, 'يزن مشعل', '0797545774', '', '2020-10-21');

-- --------------------------------------------------------

--
-- Table structure for table `freedom_street`
--

CREATE TABLE `freedom_street` (
  `id` int(11) NOT NULL,
  `invoice_number` int(11) NOT NULL,
  `invoice_date` date NOT NULL,
  `invoice_amm` int(11) NOT NULL,
  `ref_amm` int(11) DEFAULT NULL,
  `ref_date` date DEFAULT NULL,
  `customer_name` varchar(20) NOT NULL,
  `customer_phone` varchar(30) DEFAULT NULL,
  `branch_name` varchar(7) NOT NULL,
  `created` varchar(30) DEFAULT NULL
) ENGINE=InnoDB DEFAULT CHARSET=utf8;

--
-- Dumping data for table `freedom_street`
--

INSERT INTO `freedom_street` (`id`, `invoice_number`, `invoice_date`, `invoice_amm`, `ref_amm`, `ref_date`, `customer_name`, `customer_phone`, `branch_name`, `created`) VALUES
(1, 911, '2020-03-07', 10, 10, '2020-06-20', 'ابو عرفات', NULL, 'الاذاعة', '2020-09-13'),
(2, 912, '2020-03-07', 10, 10, '2020-06-20', 'جمال', NULL, 'الاذاعة', '2020-09-13'),
(3, 913, '2020-03-07', 20, 20, '2020-06-20', 'احمد عوده', NULL, 'الاذاعة', '2020-09-13'),
(4, 914, '2020-03-07', 10, 10, '2020-06-20', 'عمر يوسف', NULL, 'الاذاعة', '2020-09-13'),
(5, 915, '2020-03-08', 10, NULL, NULL, 'حسن السرور', NULL, 'الاذاعة', '2020-09-13'),
(6, 916, '2020-03-08', 10, 10, '2020-06-20', 'احمد عبد الحميد', NULL, 'الاذاعة', '2020-09-13'),
(7, 917, '2020-03-08', 10, 10, '2020-06-20', 'عمار قنو', NULL, 'الاذاعة', '2020-09-13'),
(8, 918, '2020-03-08', 10, 10, '2020-06-20', 'محمود قعيش', NULL, 'الاذاعة', '2020-09-13'),
(9, 919, '2020-03-08', 10, 10, '2020-06-20', 'ابو نضال البوريني', NULL, 'الاذاعة', '2020-09-13'),
(10, 920, '2020-03-09', 10, 10, '2020-06-20', 'احمد العورتاني', NULL, 'الاذاعة', '2020-09-13'),
(11, 921, '2020-03-09', 20, 20, '2020-06-20', 'فايز السكافي', NULL, 'الاذاعة', '2020-09-13'),
(12, 922, '2020-03-09', 10, NULL, NULL, 'شيماء', NULL, 'الاذاعة', '2020-09-13'),
(13, 923, '2020-03-09', 10, 10, '2020-06-20', 'عمار', NULL, 'الاذاعة', '2020-09-13'),
(14, 924, '2020-03-09', 10, 10, '2020-06-20', 'نديم', NULL, 'الاذاعة', '2020-09-13'),
(15, 925, '2020-03-10', 10, 10, '2020-06-20', 'شركه اجاده للتجاره ا', NULL, 'الاذاعة', '2020-09-13'),
(16, 926, '2020-03-11', 10, 10, '2020-06-20', 'احمد طوباسي', NULL, 'الاذاعة', '2020-09-13'),
(17, 927, '2020-03-12', 30, NULL, NULL, 'مهدي رشيد', NULL, 'الاذاعة', '2020-09-13'),
(18, 928, '2020-03-12', 10, 10, '2020-06-21', 'بشار', NULL, 'الاذاعة', '2020-09-13'),
(19, 929, '2020-03-13', 10, 10, '2020-06-20', 'عامر الحمايده', NULL, 'الاذاعة', '2020-09-13'),
(20, 930, '2020-03-13', 10, 10, '2020-06-20', 'اكرم محمد', NULL, 'الاذاعة', '2020-09-13'),
(21, 931, '2020-03-13', 20, 20, '2020-06-20', 'يوسف الشحاد', NULL, 'الاذاعة', '2020-09-13'),
(22, 932, '2020-03-13', 10, 10, '2020-06-20', 'عمر النجار', NULL, 'الاذاعة', '2020-09-13'),
(23, 933, '2020-03-13', 4, 4, '2020-06-20', 'عاطف قبلان', NULL, 'الاذاعة', '2020-09-13'),
(24, 934, '2020-03-13', 10, NULL, NULL, 'ابو ضياء', NULL, 'الاذاعة', '2020-09-13'),
(25, 935, '2020-03-13', 10, NULL, NULL, 'رهف ابو الحسن', NULL, 'الاذاعة', '2020-09-13'),
(26, 936, '2020-03-13', 10, NULL, NULL, 'رهف ابو الحسن', NULL, 'الاذاعة', '2020-09-13'),
(27, 937, '2020-03-13', 10, 10, '2020-06-20', 'سوسن الخطيب', NULL, 'الاذاعة', '2020-09-13'),
(28, 938, '2020-03-13', 10, 10, '2020-06-20', 'اسامه عيده', NULL, 'الاذاعة', '2020-09-13'),
(29, 939, '2020-03-13', 10, 10, '2020-06-21', 'طارق زيتون', NULL, 'الاذاعة', '2020-09-13'),
(30, 940, '2020-03-14', 10, 10, '2020-06-20', 'وحيد طبال', NULL, 'الاذاعة', '2020-09-13'),
(31, 941, '2020-03-14', 10, 10, '2020-06-20', 'فهمي حلايقه', NULL, 'الاذاعة', '2020-09-13'),
(32, 942, '2020-03-14', 10, 10, '2020-06-20', 'محمد بخيت', NULL, 'الاذاعة', '2020-09-13'),
(33, 943, '2020-03-15', 20, 20, '2020-06-20', 'طارق الشوبكي', NULL, 'الاذاعة', '2020-09-13'),
(34, 944, '2020-03-16', 10, 10, '2020-06-22', 'محمد السلال', NULL, 'الاذاعة', '2020-09-13'),
(35, 945, '2020-03-16', 10, 10, '2020-06-21', 'عبد الله', NULL, 'الاذاعة', '2020-09-13'),
(36, 946, '2020-03-16', 10, 10, '2020-06-21', 'احمد صالح', NULL, 'الاذاعة', '2020-09-13'),
(37, 947, '2020-03-17', 8, NULL, NULL, 'محمد الهملان', NULL, 'الاذاعة', '2020-09-13'),
(38, 948, '2020-03-18', 10, 10, '2020-06-21', 'نضال داوود', NULL, 'الاذاعة', '2020-09-13'),
(39, 949, '2020-03-18', 10, 10, '2020-06-21', 'وليد الخطيب', NULL, 'الاذاعة', '2020-09-13'),
(40, 950, '2020-03-19', 10, NULL, NULL, 'مرشد محمود', NULL, 'الاذاعة', '2020-09-13'),
(41, 1001, '2020-03-19', 10, 10, '2020-06-23', 'نانسي كباره', NULL, 'الاذاعة', '2020-09-13'),
(42, 1002, '2020-03-20', 20, 20, '2020-06-22', 'حسام عمرو', NULL, 'الاذاعة', '2020-09-13'),
(43, 1003, '2020-03-20', 20, NULL, NULL, 'لبنى ابو كف', NULL, 'الاذاعة', '2020-09-13'),
(44, 1004, '2020-04-28', 10, 10, '2020-06-23', 'هشام', NULL, 'الاذاعة', '2020-09-13'),
(45, 1005, '2020-04-28', 10, 10, '2020-06-23', 'اسامه', NULL, 'الاذاعة', '2020-09-13'),
(46, 1006, '2020-04-29', 10, NULL, NULL, 'صلاح الدين', NULL, 'الاذاعة', '2020-09-13'),
(47, 1007, '2020-04-30', 8, NULL, NULL, 'منير الاطرش', NULL, 'الاذاعة', '2020-09-13'),
(48, 1008, '2020-05-02', 10, 10, '2020-06-23', 'محمود موسى', NULL, 'الاذاعة', '2020-09-13'),
(49, 1009, '2020-05-02', 10, 10, '2020-06-23', 'عمران', NULL, 'الاذاعة', '2020-09-13'),
(50, 1010, '2020-05-02', 10, 10, '2020-06-23', 'فاروق عواد', NULL, 'الاذاعة', '2020-09-13'),
(51, 1011, '2020-05-02', 20, 20, '2020-06-23', 'الزعبي', NULL, 'الاذاعة', '2020-09-13'),
(52, 1012, '2020-05-03', 10, 10, '2020-06-23', 'صدام', NULL, 'الاذاعة', '2020-09-13'),
(53, 1013, '2020-05-04', 10, 10, '2020-06-23', 'يزن ابو شهاب', NULL, 'الاذاعة', '2020-09-13'),
(54, 1014, '2020-05-04', 20, 20, '2020-06-23', 'بدون اسم', NULL, 'الاذاعة', '2020-09-13'),
(55, 1015, '2020-05-04', 10, 10, '2020-06-23', 'ناصر الساحوري', NULL, 'الاذاعة', '2020-09-13'),
(56, 1016, '2020-05-04', 10, 10, '2020-06-23', 'خالد احمد', NULL, 'الاذاعة', '2020-09-13'),
(57, 1017, '2020-05-05', 10, 10, '2020-06-23', 'الجيش العربي', NULL, 'الاذاعة', '2020-09-13'),
(58, 1018, '2020-05-06', 0, NULL, NULL, 'فارغ', NULL, 'الاذاعة', '2020-09-13'),
(59, 1019, '2020-05-06', 10, 10, '2020-06-23', 'انهار السواعير', NULL, 'الاذاعة', '2020-09-13'),
(60, 1020, '2020-05-07', 10, 10, '2020-06-23', 'عمر السيوفي', NULL, 'الاذاعة', '2020-09-13'),
(61, 1021, '2020-05-07', 10, 10, '2020-06-23', 'عبد الله ابو الشيخ', NULL, 'الاذاعة', '2020-09-13'),
(62, 1022, '2020-05-09', 10, 10, '2020-06-23', 'محمد الهملان', NULL, 'الاذاعة', '2020-09-13'),
(63, 1023, '2020-05-09', 10, 10, '2020-06-23', 'خميس', NULL, 'الاذاعة', '2020-09-13'),
(64, 1024, '2020-05-09', 10, 10, '2020-06-23', 'علي الجيوسي', NULL, 'الاذاعة', '2020-09-13'),
(65, 1025, '2020-05-10', 10, 10, '2020-06-23', 'بلال حسن', NULL, 'الاذاعة', '2020-09-13'),
(66, 1026, '2020-05-11', 10, 10, '2020-06-23', 'محمد بلبل', NULL, 'الاذاعة', '2020-09-13'),
(67, 1027, '2020-05-11', 20, 20, '2020-06-23', 'محمد الفرارعه', NULL, 'الاذاعة', '2020-09-13'),
(68, 1028, '2020-05-11', 5, NULL, NULL, 'حسن شريم', NULL, 'الاذاعة', '2020-09-13'),
(69, 1029, '2020-05-11', 10, NULL, NULL, 'ليليان العجارمه', NULL, 'الاذاعة', '2020-09-13'),
(70, 1030, '2020-05-12', 10, 10, '2020-06-23', 'محمد بلبل', NULL, 'الاذاعة', '2020-09-13'),
(71, 1031, '2020-05-12', 10, 10, '2020-06-23', 'عبد الرحمن العبوي', NULL, 'الاذاعة', '2020-09-13'),
(72, 1032, '2020-05-13', 10, 10, '2020-06-23', 'خميس العبيدي', NULL, 'الاذاعة', '2020-09-13'),
(73, 1033, '2020-05-14', 10, 10, '2020-06-23', 'علاء فلاح', NULL, 'الاذاعة', '2020-09-13'),
(74, 1034, '2020-05-14', 10, 10, '2020-06-23', 'صلاح ابو عبد', NULL, 'الاذاعة', '2020-09-13'),
(75, 1035, '2020-05-14', 10, NULL, NULL, 'لانا منصور', NULL, 'الاذاعة', '2020-09-13'),
(76, 1036, '2020-05-17', 10, NULL, NULL, 'عبد الكريم حويان', NULL, 'الاذاعة', '2020-09-13'),
(77, 1037, '2020-05-17', 10, 10, '2020-06-23', 'بلال', NULL, 'الاذاعة', '2020-09-13'),
(78, 1038, '2020-05-17', 10, NULL, NULL, 'فواز الشعار', NULL, 'الاذاعة', '2020-09-13'),
(79, 1039, '2020-05-17', 20, 20, '2020-06-23', 'محمد الرفيت', NULL, 'الاذاعة', '2020-09-13'),
(80, 1040, '2020-05-18', 10, 10, '2020-06-23', 'محمد عيسى', NULL, 'الاذاعة', '2020-09-13'),
(81, 1041, '2020-05-18', 10, NULL, NULL, 'مريم شرمان', NULL, 'الاذاعة', '2020-09-13'),
(82, 1042, '2020-05-18', 10, 10, '2020-06-23', 'مالك المصري', NULL, 'الاذاعة', '2020-09-13'),
(83, 1043, '2020-05-19', 10, 10, '2020-06-23', 'سامر احمد', NULL, 'الاذاعة', '2020-09-13'),
(84, 1044, '2020-05-19', 10, NULL, NULL, 'رامي النعيمي', NULL, 'الاذاعة', '2020-09-13'),
(85, 1045, '2020-05-20', 10, NULL, NULL, 'يحيى ابو شنب', NULL, 'الاذاعة', '2020-09-13'),
(86, 1046, '2020-05-21', 10, NULL, NULL, 'محمد عيد', NULL, 'الاذاعة', '2020-09-13'),
(87, 1047, '2020-05-21', 10, NULL, NULL, 'عصام مصلح', NULL, 'الاذاعة', '2020-09-13'),
(88, 1048, '2020-05-25', 10, NULL, NULL, 'محمد عامر', NULL, 'الاذاعة', '2020-09-13'),
(89, 1049, '2020-05-25', 10, 10, '2020-06-24', 'عامر سكجها', NULL, 'الاذاعة', '2020-09-13'),
(90, 1050, '2020-05-25', 10, 10, '2020-06-24', 'سيف الدين واصف', NULL, 'الاذاعة', '2020-09-13'),
(91, 1201, '2020-05-25', 10, 10, '2020-06-24', 'حماده النجار', NULL, 'الاذاعة', '2020-09-13'),
(92, 1202, '2020-05-26', 0, NULL, NULL, 'ملغي', NULL, 'الاذاعة', '2020-09-13'),
(94, 1204, '2020-05-26', 10, 10, '2020-06-24', 'محمد بشير', NULL, 'الاذاعة', '2020-09-13'),
(95, 1205, '2020-05-27', 10, NULL, NULL, 'وائل القبيسي', NULL, 'الاذاعة', '2020-09-13'),
(96, 1206, '2020-05-27', 10, NULL, NULL, 'فارس ابو سيف', NULL, 'الاذاعة', '2020-09-13'),
(97, 1207, '2020-05-27', 20, 20, '2020-06-24', 'احمد سليمان', NULL, 'الاذاعة', '2020-09-13'),
(98, 1208, '2020-05-27', 10, NULL, NULL, 'طارق نداف', NULL, 'الاذاعة', '2020-09-13'),
(99, 1209, '2020-05-28', 10, 10, '2020-06-24', 'سلطان', NULL, 'الاذاعة', '2020-09-13'),
(100, 1210, '2020-05-28', 20, 20, '2020-06-24', 'نبيل', NULL, 'الاذاعة', '2020-09-13'),
(101, 1211, '2020-05-28', 10, 10, '2020-06-24', 'سيف حلمي', NULL, 'الاذاعة', '2020-09-13'),
(102, 1212, '2020-05-28', 10, 10, '2020-06-24', 'وائل دحدوح', NULL, 'الاذاعة', '2020-09-13'),
(103, 1213, '2020-05-28', 10, 10, '2020-06-24', 'روان ريان', NULL, 'الاذاعة', '2020-09-13'),
(104, 1214, '2020-05-28', 10, NULL, NULL, 'دنيا عودات', NULL, 'الاذاعة', '2020-09-13'),
(105, 1215, '2020-05-30', 10, NULL, NULL, 'سليم', NULL, 'الاذاعة', '2020-09-13'),
(106, 1216, '2020-05-30', 10, 10, '2020-06-24', 'مريم الفقهاء', NULL, 'الاذاعة', '2020-09-13'),
(107, 1217, '2020-05-30', 10, NULL, NULL, 'رحيف مصطفى', NULL, 'الاذاعة', '2020-09-13'),
(108, 1218, '2020-05-30', 10, NULL, NULL, 'ابراهيم الوحيدي', NULL, 'الاذاعة', '2020-09-13'),
(109, 1219, '2020-05-31', 10, NULL, NULL, 'زياد خميس', NULL, 'الاذاعة', '2020-09-13'),
(110, 1220, '2020-05-31', 10, NULL, NULL, 'اسماعيل فتحي', NULL, 'الاذاعة', '2020-09-13'),
(111, 1221, '2020-05-31', 10, NULL, NULL, 'محمد طنب', NULL, 'الاذاعة', '2020-09-13'),
(112, 1222, '2020-05-31', 10, NULL, NULL, 'براء الفيومي', NULL, 'الاذاعة', '2020-09-13'),
(113, 1223, '2020-05-31', 10, NULL, NULL, 'فراس', NULL, 'الاذاعة', '2020-09-13'),
(114, 1224, '2020-06-02', 20, NULL, NULL, 'محمد الصرايره', NULL, 'الاذاعة', '2020-09-13'),
(115, 1225, '2020-06-02', 10, NULL, NULL, 'فادي خطاب', NULL, 'الاذاعة', '2020-09-13'),
(116, 1226, '2020-06-03', 10, NULL, NULL, 'حسن الحنيطي', NULL, 'الاذاعة', '2020-09-13'),
(117, 1227, '2020-06-03', 10, NULL, NULL, 'ضياء صقر', NULL, 'الاذاعة', '2020-09-13'),
(118, 1228, '2020-06-03', 20, NULL, NULL, 'ماجد السرحان', NULL, 'الاذاعة', '2020-09-13'),
(119, 1229, '2020-06-03', 10, NULL, NULL, 'احمد ابو شرف', NULL, 'الاذاعة', '2020-09-13'),
(120, 1230, '2020-06-03', 10, NULL, NULL, 'معاذ عايد', NULL, 'الاذاعة', '2020-09-13'),
(121, 1231, '2020-06-04', 10, NULL, NULL, 'محمد شعبان', NULL, 'الاذاعة', '2020-09-13'),
(122, 1232, '2020-06-04', 10, NULL, NULL, 'محمد عبد الله', NULL, 'الاذاعة', '2020-09-13'),
(123, 1233, '2020-06-04', 20, NULL, NULL, 'حمزه برجور', NULL, 'الاذاعة', '2020-09-13'),
(124, 1234, '2020-06-04', 10, NULL, NULL, 'مصطفى الحسن', NULL, 'الاذاعة', '2020-09-13'),
(125, 1235, '2020-06-06', 10, NULL, NULL, 'ابو عبد الله', NULL, 'الاذاعة', '2020-09-13'),
(126, 1236, '2020-06-06', 8, NULL, NULL, 'رائد الحوراني', NULL, 'الاذاعة', '2020-09-13'),
(127, 1237, '2020-06-06', 10, NULL, NULL, 'عبد الرحيم ابو محفوظ', NULL, 'الاذاعة', '2020-09-13'),
(128, 1238, '2020-06-06', 10, NULL, NULL, 'حمزه ابو رداع', NULL, 'الاذاعة', '2020-09-13'),
(129, 1239, '2020-06-06', 10, NULL, NULL, 'حمزه القصاب', NULL, 'الاذاعة', '2020-09-13'),
(130, 1240, '2020-06-06', 10, NULL, NULL, 'علي العمر', NULL, 'الاذاعة', '2020-09-13'),
(131, 1241, '2020-06-06', 10, NULL, NULL, 'سامي الاحمد', NULL, 'الاذاعة', '2020-09-13'),
(132, 1242, '2020-06-06', 10, NULL, NULL, 'احمد الرشيد', NULL, 'الاذاعة', '2020-09-13'),
(133, 1243, '2020-06-06', 10, NULL, NULL, 'وليد برهم', NULL, 'الاذاعة', '2020-09-13'),
(134, 1244, '2020-06-06', 20, NULL, NULL, 'ابو خالد حميدات', NULL, 'الاذاعة', '2020-09-13'),
(135, 1245, '2020-06-07', 20, NULL, NULL, 'مديريه الامن الوقائي', NULL, 'الاذاعة', '2020-09-13'),
(136, 1246, '2020-06-07', 10, NULL, NULL, 'سامسونج', NULL, 'الاذاعة', '2020-09-13'),
(137, 1247, '2020-06-07', 20, NULL, NULL, 'سليمان الشافعي', NULL, 'الاذاعة', '2020-09-13'),
(138, 1248, '2020-06-07', 10, NULL, NULL, 'سيف النمروطي', NULL, 'الاذاعة', '2020-09-13'),
(139, 1249, '2020-06-07', 10, NULL, NULL, 'ياسر خالد', NULL, 'الاذاعة', '2020-09-13'),
(140, 851, '2020-06-08', 10, NULL, NULL, 'سليمان الشافعي', NULL, 'الاذاعة', '2020-09-13'),
(141, 853, '2020-06-08', 10, NULL, NULL, 'زكي غنيم', NULL, 'الاذاعة', '2020-09-13'),
(142, 852, '2020-06-08', 0, NULL, NULL, 'ملغي', NULL, 'الاذاعة', '2020-09-13'),
(143, 1250, '2020-06-08', 20, NULL, NULL, 'عبد الكريم العطار', NULL, 'الاذاعة', '2020-09-13'),
(144, 854, '2020-06-09', 20, NULL, NULL, 'حسن البنا', NULL, 'الاذاعة', '2020-09-13'),
(145, 855, '2020-06-09', 20, NULL, NULL, 'عمار علي', NULL, 'الاذاعة', '2020-09-13'),
(146, 856, '2020-06-09', 10, NULL, NULL, 'صدام البدور', NULL, 'الاذاعة', '2020-09-13'),
(147, 857, '2020-06-09', 20, NULL, NULL, 'احمد البداوي', NULL, 'الاذاعة', '2020-09-13'),
(148, 858, '2020-06-09', 10, NULL, NULL, 'الساحوري', NULL, 'الاذاعة', '2020-09-13'),
(149, 859, '2020-06-09', 10, NULL, NULL, 'عمر النتشه', NULL, 'الاذاعة', '2020-09-13'),
(150, 860, '2020-06-09', 10, NULL, NULL, 'ابراهيم عبد الله', NULL, 'الاذاعة', '2020-09-13'),
(151, 861, '2020-06-10', 5, NULL, NULL, 'مهند العجرمي', NULL, 'الاذاعة', '2020-09-13'),
(152, 862, '2020-06-11', 10, NULL, NULL, 'سمير المصري', NULL, 'الاذاعة', '2020-09-13'),
(153, 863, '2020-06-11', 10, NULL, NULL, 'عبد الرحمن العبد', NULL, 'الاذاعة', '2020-09-13'),
(154, 864, '2020-06-11', 40, NULL, NULL, 'اسامه سليمان', NULL, 'الاذاعة', '2020-09-13'),
(155, 865, '2020-06-11', 10, NULL, NULL, 'سيف ملكاوي', NULL, 'الاذاعة', '2020-09-13'),
(156, 866, '2020-06-11', 20, NULL, NULL, 'جلال غزالات', NULL, 'الاذاعة', '2020-09-13'),
(157, 867, '2020-06-11', 10, NULL, NULL, 'محمد الحلو', NULL, 'الاذاعة', '2020-09-13'),
(158, 868, '2020-06-11', 10, NULL, NULL, 'عايد جبر', NULL, 'الاذاعة', '2020-09-13'),
(159, 869, '2020-06-11', 10, NULL, NULL, 'عبد الله الخريشه', NULL, 'الاذاعة', '2020-09-13'),
(160, 870, '2020-06-11', 10, NULL, NULL, 'محمد الشبلي', NULL, 'الاذاعة', '2020-09-13'),
(161, 871, '2020-06-12', 10, NULL, NULL, 'لؤي الكسواني', NULL, 'الاذاعة', '2020-09-13'),
(162, 872, '2020-06-12', 10, NULL, NULL, 'احمد ابو سيف', NULL, 'الاذاعة', '2020-09-13'),
(163, 873, '2020-06-12', 10, NULL, NULL, 'خالد انيس', NULL, 'الاذاعة', '2020-09-13'),
(164, 874, '2020-06-12', 20, NULL, NULL, 'فراس محمود', NULL, 'الاذاعة', '2020-09-13'),
(165, 875, '2020-06-12', 0, NULL, NULL, 'ملغي', NULL, 'الاذاعة', '2020-09-13'),
(166, 876, '2020-06-12', 20, NULL, NULL, 'جهاد العنود', NULL, 'الاذاعة', '2020-09-13'),
(167, 877, '2020-06-12', 10, NULL, NULL, 'محمد الطردي', NULL, 'الاذاعة', '2020-09-13'),
(168, 878, '2020-06-12', 10, NULL, NULL, 'محمد ابو ديه', NULL, 'الاذاعة', '2020-09-13'),
(169, 879, '2020-06-13', 10, NULL, NULL, 'سمير ابو قاسم', NULL, 'الاذاعة', '2020-09-13'),
(170, 880, '2020-06-13', 20, NULL, NULL, 'ابراهيم النسور', NULL, 'الاذاعة', '2020-09-13'),
(171, 881, '2020-06-13', 10, NULL, NULL, 'موسى شعار', NULL, 'الاذاعة', '2020-09-13'),
(172, 882, '2020-06-13', 10, NULL, NULL, 'زهير عيد', NULL, 'الاذاعة', '2020-09-13'),
(173, 883, '2020-06-13', 10, NULL, NULL, 'ايمن سكافي', NULL, 'الاذاعة', '2020-09-13'),
(174, 884, '2020-06-13', 10, NULL, NULL, 'غسان محفوظ', NULL, 'الاذاعة', '2020-09-13'),
(175, 885, '2020-06-14', 20, NULL, NULL, 'محمد ملكاوي', NULL, 'الاذاعة', '2020-09-13'),
(176, 886, '2020-06-14', 10, NULL, NULL, 'سليمان', NULL, 'الاذاعة', '2020-09-13'),
(177, 887, '2020-06-14', 10, NULL, NULL, 'هاني', NULL, 'الاذاعة', '2020-09-13'),
(178, 888, '2020-06-14', 10, NULL, NULL, 'مشعل الكفارين', NULL, 'الاذاعة', '2020-09-13'),
(179, 889, '2020-06-14', 10, NULL, NULL, 'بهاء الزعبي', NULL, 'الاذاعة', '2020-09-13'),
(180, 890, '2020-06-14', 10, NULL, NULL, 'سليمان', NULL, 'الاذاعة', '2020-09-13'),
(181, 891, '2020-06-15', 30, NULL, NULL, 'محمد البربري', NULL, 'الاذاعة', '2020-09-13'),
(182, 892, '2020-06-15', 20, NULL, NULL, 'محمد الصرايره', NULL, 'الاذاعة', '2020-09-13'),
(183, 893, '2020-06-15', 0, NULL, NULL, 'ملغي', NULL, 'الاذاعة', '2020-09-13'),
(184, 894, '2020-06-15', 10, NULL, NULL, 'سهام الشهوان', NULL, 'الاذاعة', '2020-09-13'),
(185, 895, '2020-06-15', 20, NULL, NULL, 'رياض ابو محمد', NULL, 'الاذاعة', '2020-09-13'),
(186, 896, '2020-06-16', 10, 10, '2020-09-13', 'سعدي محمد', NULL, 'الاذاعة', '2020-09-13'),
(188, 898, '2020-06-16', 10, 10, '2020-09-13', 'براء', NULL, 'الاذاعة', '2020-09-13'),
(189, 899, '2020-06-16', 10, 10, '2020-09-13', 'محمد الدسوقي', NULL, 'الاذاعة', '2020-09-13'),
(190, 900, '2020-06-16', 10, 10, '2020-09-13', 'محمد ماجد', NULL, 'الاذاعة', '2020-09-13');

-- --------------------------------------------------------

--
-- Table structure for table `irbid`
--

CREATE TABLE `irbid` (
  `id` int(11) NOT NULL,
  `invoice_number` int(11) NOT NULL,
  `invoice_date` date NOT NULL,
  `invoice_amm` int(11) NOT NULL,
  `ref_amm` int(11) DEFAULT NULL,
  `ref_date` date DEFAULT NULL,
  `customer_name` varchar(20) NOT NULL,
  `customer_phone` varchar(30) DEFAULT NULL,
  `branch_name` varchar(7) NOT NULL,
  `created` date NOT NULL
) ENGINE=InnoDB DEFAULT CHARSET=utf8;

--
-- Dumping data for table `irbid`
--

INSERT INTO `irbid` (`id`, `invoice_number`, `invoice_date`, `invoice_amm`, `ref_amm`, `ref_date`, `customer_name`, `customer_phone`, `branch_name`, `created`) VALUES
(1, 2309, '2020-02-28', 20, NULL, NULL, 'طارق بني ملحم', NULL, 'irbid', '2020-09-13'),
(2, 2310, '2020-02-28', 10, NULL, NULL, 'فهمي الجراح', NULL, 'irbid', '2020-09-13'),
(3, 2311, '2020-02-28', 20, NULL, NULL, 'عبد الله القيسي', NULL, 'irbid', '2020-09-13'),
(6, 2314, '2020-02-28', 10, NULL, NULL, 'ياسر الخضر', NULL, 'irbid', '2020-09-13'),
(7, 2315, '2020-02-28', 10, 10, '2020-06-18', 'محمد علي', NULL, 'irbid', '2020-09-13'),
(8, 2316, '2020-02-28', 10, NULL, NULL, 'غيث بني هاني', NULL, 'irbid', '2020-09-13'),
(9, 2317, '2020-02-28', 20, NULL, NULL, 'محمد الديري', NULL, 'irbid', '2020-09-13'),
(10, 2318, '2020-02-28', 10, NULL, NULL, 'هاشم ابو بكر', NULL, 'irbid', '2020-09-13'),
(11, 2319, '2020-02-28', 10, NULL, NULL, 'محمد شيفه', NULL, 'irbid', '2020-09-13'),
(12, 2320, '2020-02-28', 10, NULL, NULL, 'عبد اللطيف', NULL, 'irbid', '2020-09-13'),
(13, 2321, '2020-02-29', 10, NULL, NULL, 'د. انجاد محاسنه', NULL, 'irbid', '2020-09-13'),
(14, 2322, '2020-03-02', 10, NULL, NULL, 'ام عدي المومني', NULL, 'irbid', '2020-09-13'),
(15, 2323, '2020-03-02', 10, NULL, NULL, 'بهاء شهاب', NULL, 'irbid', '2020-09-13'),
(16, 2324, '2020-03-02', 10, NULL, NULL, 'عبد الرحمن الخزاعله', NULL, 'irbid', '2020-09-13'),
(17, 2325, '2020-03-02', 10, NULL, NULL, 'يمان العسل', NULL, 'irbid', '2020-09-13'),
(18, 2326, '2020-03-03', 10, NULL, NULL, 'ابو حازم المشتولي', NULL, 'irbid', '2020-09-13'),
(19, 2327, '2020-03-03', 20, NULL, NULL, 'جمال عبد العزيز', NULL, 'irbid', '2020-09-13'),
(20, 2328, '2020-03-04', 10, NULL, NULL, 'مريم طوالبه', NULL, 'irbid', '2020-09-13'),
(21, 2329, '2020-03-04', 10, NULL, NULL, 'احمد ربايعه', NULL, 'irbid', '2020-09-13'),
(22, 2330, '2020-03-04', 10, NULL, NULL, 'عبد الحكيم القاضي', NULL, 'irbid', '2020-09-13'),
(23, 2331, '2020-03-05', 30, NULL, NULL, 'نور عبابنه', NULL, 'irbid', '2020-09-13'),
(24, 2332, '2020-03-05', 10, NULL, NULL, 'ابو مؤمن العمري', NULL, 'irbid', '2020-09-13'),
(25, 2333, '2020-03-05', 20, NULL, NULL, 'محمد خير', NULL, 'irbid', '2020-09-13'),
(26, 2334, '2020-03-05', 10, NULL, NULL, 'علاء الاحمد', NULL, 'irbid', '2020-09-13'),
(27, 2335, '2020-03-05', 10, NULL, NULL, 'علي ملكاوي', NULL, 'irbid', '2020-09-13'),
(28, 2336, '2020-03-06', 10, NULL, NULL, 'محمد المومني', NULL, 'irbid', '2020-09-13'),
(29, 2337, '2020-03-06', 20, NULL, NULL, 'يونس الخطيب', NULL, 'irbid', '2020-09-13'),
(30, 2338, '2020-03-06', 30, NULL, NULL, 'زيد عزام', NULL, 'irbid', '2020-09-13'),
(31, 2339, '2020-03-06', 10, NULL, NULL, 'احمد علان', NULL, 'irbid', '2020-09-13'),
(32, 2340, '2020-03-06', 10, NULL, NULL, 'ايهاب مهيدات', NULL, 'irbid', '2020-09-13'),
(33, 2341, '2020-03-06', 10, NULL, NULL, 'عدي حسن', NULL, 'irbid', '2020-09-13'),
(34, 2342, '2020-03-06', 10, NULL, NULL, 'احمد ابو جاموس', NULL, 'irbid', '2020-09-13'),
(35, 2343, '2020-03-06', 20, NULL, NULL, 'معن علي', NULL, 'irbid', '2020-09-13'),
(36, 2344, '2020-03-07', 20, NULL, NULL, 'عبد الناصر الدايده', NULL, 'irbid', '2020-09-13'),
(37, 2345, '2020-03-07', 20, NULL, NULL, 'شوقي محمود', NULL, 'irbid', '2020-09-13'),
(38, 2346, '2020-03-07', 20, 20, '2020-06-20', 'شاهر المالطي', NULL, 'irbid', '2020-09-13'),
(39, 2347, '2020-03-07', 10, NULL, NULL, 'ناجي طلفاحي', NULL, 'irbid', '2020-09-13'),
(40, 2348, '2020-03-07', 20, NULL, NULL, 'صالح البطحيه', NULL, 'irbid', '2020-09-13'),
(41, 2349, '2020-03-08', 5, NULL, NULL, 'سيف الزعبي', NULL, 'irbid', '2020-09-13'),
(42, 2350, '2020-03-08', 10, NULL, NULL, 'عماد الدين عوده', NULL, 'irbid', '2020-09-13'),
(43, 2251, '2020-03-08', 10, NULL, NULL, 'ام صدام', NULL, 'irbid', '2020-09-13'),
(44, 2252, '2020-03-08', 20, NULL, NULL, 'احمد غنيمات', NULL, 'irbid', '2020-09-13'),
(45, 2253, '2020-03-08', 10, NULL, NULL, 'مؤيد الفوافره', NULL, 'irbid', '2020-09-13'),
(46, 2254, '2020-03-09', 20, NULL, NULL, 'احسان الشهابات', NULL, 'irbid', '2020-09-13'),
(47, 2255, '2020-03-09', 10, NULL, NULL, 'منير عبيدات', NULL, 'irbid', '2020-09-13'),
(48, 2256, '2020-03-09', 20, NULL, NULL, 'خلدون معابره', NULL, 'irbid', '2020-09-13'),
(49, 2257, '2020-03-10', 10, NULL, NULL, 'جواد العبادي', NULL, 'irbid', '2020-09-13'),
(50, 2258, '2020-03-10', 10, NULL, NULL, 'سلطان الشناق', NULL, 'irbid', '2020-09-13'),
(51, 2259, '2020-03-11', 10, NULL, NULL, 'عبيده عوواده', NULL, 'irbid', '2020-09-13'),
(52, 2260, '2020-03-11', 10, NULL, NULL, 'مروان الرواش', NULL, 'irbid', '2020-09-13'),
(53, 2261, '2020-03-11', 10, NULL, NULL, 'ايمن ابو طالب', NULL, 'irbid', '2020-09-13'),
(54, 2262, '2020-03-12', 20, NULL, NULL, 'جلال سرور', NULL, 'irbid', '2020-09-13'),
(55, 2263, '2020-03-12', 20, NULL, NULL, 'محمد ملكاوي', NULL, 'irbid', '2020-09-13'),
(56, 2264, '2020-03-13', 20, NULL, NULL, 'محمد العمري', NULL, 'irbid', '2020-09-13'),
(57, 2265, '2020-03-13', 20, NULL, NULL, 'محمد قبلان', NULL, 'irbid', '2020-09-13'),
(58, 2266, '2020-03-13', 10, NULL, NULL, 'انس القاسم', NULL, 'irbid', '2020-09-13'),
(59, 2267, '2020-03-14', 20, NULL, NULL, 'سامي القصاص', NULL, 'irbid', '2020-09-13'),
(60, 2268, '2020-03-14', 20, NULL, NULL, 'فالح النوافله', NULL, 'irbid', '2020-09-13'),
(61, 2269, '2020-03-14', 20, NULL, NULL, 'علاء معايعه', NULL, 'irbid', '2020-09-13'),
(62, 2270, '2020-03-14', 10, NULL, NULL, 'رامي الحايك', NULL, 'irbid', '2020-09-13'),
(63, 2271, '2020-03-14', 10, NULL, NULL, 'خالد بدير', NULL, 'irbid', '2020-09-13'),
(64, 2272, '2020-03-15', 20, NULL, NULL, 'علي طلفاح', NULL, 'irbid', '2020-09-13'),
(65, 2273, '2020-03-15', 10, NULL, NULL, 'ام يارا', NULL, 'irbid', '2020-09-13'),
(66, 2274, '2020-03-15', 20, NULL, NULL, 'عدنان خصاونه', NULL, 'irbid', '2020-09-13'),
(67, 2275, '2020-03-16', 20, NULL, NULL, 'عبد الله', NULL, 'irbid', '2020-09-13'),
(68, 2276, '2020-03-18', 10, NULL, NULL, 'نبيل الجمال', NULL, 'irbid', '2020-09-13'),
(69, 2277, '2020-03-18', 10, NULL, NULL, 'خالد القرصه', NULL, 'irbid', '2020-09-13'),
(70, 2278, '2020-03-18', 10, NULL, NULL, 'محمد مساعده', NULL, 'irbid', '2020-09-13'),
(71, 2279, '2020-03-19', 10, NULL, NULL, 'شادي كراسنه', NULL, 'irbid', '2020-09-13'),
(72, 2280, '2020-03-20', 10, NULL, NULL, 'ابو ضياء العسولي', NULL, 'irbid', '2020-09-13'),
(73, 2281, '2020-03-20', 10, NULL, NULL, 'حسن بني هاني', NULL, 'irbid', '2020-09-13'),
(74, 2282, '2020-04-29', 10, NULL, NULL, 'احمد دويكات', NULL, 'irbid', '2020-09-13'),
(75, 2283, '2020-04-29', 10, NULL, NULL, 'حمزه محمد سعيد', NULL, 'irbid', '2020-09-13'),
(76, 2284, '2020-04-29', 10, NULL, NULL, 'يزن عبابنه', NULL, 'irbid', '2020-09-13'),
(77, 2285, '2020-04-29', 10, NULL, NULL, 'محمد الجراح', NULL, 'irbid', '2020-09-13'),
(78, 2286, '2020-04-30', 10, NULL, NULL, 'محمود مطالقه', NULL, 'irbid', '2020-09-13'),
(79, 2287, '2020-04-30', 10, NULL, NULL, 'عبد الكريم بني هاني', NULL, 'irbid', '2020-09-13'),
(80, 2288, '2020-04-30', 10, NULL, NULL, 'محمد مراشده', NULL, 'irbid', '2020-09-13'),
(81, 2289, '2020-04-30', 10, NULL, NULL, 'ركان غرايبه', NULL, 'irbid', '2020-09-13'),
(82, 2290, '2020-05-02', 0, NULL, NULL, 'ملغي', NULL, 'irbid', '2020-09-13'),
(83, 2291, '2020-05-02', 10, NULL, NULL, 'سامر عياصره', NULL, 'irbid', '2020-09-13'),
(84, 2292, '2020-05-02', 10, NULL, NULL, 'سامر عياصره', NULL, 'irbid', '2020-09-13'),
(85, 2293, '2020-05-02', 20, NULL, NULL, 'محمد جرادات', NULL, 'irbid', '2020-09-13'),
(86, 2294, '2020-05-02', 10, NULL, NULL, 'محمد زريقات', NULL, 'irbid', '2020-09-13'),
(87, 2295, '2020-05-03', 10, NULL, NULL, 'ناظم الكوري', NULL, 'irbid', '2020-09-13'),
(88, 2296, '2020-05-03', 10, NULL, NULL, 'حسن طعاني', NULL, 'irbid', '2020-09-13'),
(89, 2297, '2020-05-03', 10, NULL, NULL, 'عدي الخرابشه', NULL, 'irbid', '2020-09-13'),
(90, 2298, '2020-05-06', 10, NULL, NULL, 'محمد جسار', NULL, 'irbid', '2020-09-13'),
(91, 2299, '2020-05-07', 10, NULL, NULL, 'محمد الزعبي', NULL, 'irbid', '2020-09-13'),
(92, 2300, '2020-05-09', 10, NULL, NULL, 'محمد جرادات', NULL, 'irbid', '2020-09-13'),
(93, 2501, '2020-05-09', 40, NULL, NULL, 'علاء الخزاعله', NULL, 'irbid', '2020-09-13'),
(94, 2502, '2020-05-09', 10, NULL, NULL, 'حسين يزيد النمرات', NULL, 'irbid', '2020-09-13'),
(95, 2503, '2020-05-09', 10, NULL, NULL, 'صفوان الشرفا', NULL, 'irbid', '2020-09-13'),
(96, 2504, '2020-05-10', 20, NULL, NULL, 'محمود عبابنه', NULL, 'irbid', '2020-09-13'),
(97, 2505, '2020-05-10', 10, NULL, NULL, 'احمد الشياب', NULL, 'irbid', '2020-09-13'),
(98, 2506, '2020-05-10', 10, NULL, NULL, 'رزق العزام', NULL, 'irbid', '2020-09-13'),
(99, 2507, '2020-05-10', 10, NULL, NULL, 'جمال حبيب', NULL, 'irbid', '2020-09-13'),
(100, 2508, '2020-05-11', 10, NULL, NULL, 'لندا احمد', NULL, 'irbid', '2020-09-13'),
(101, 2509, '2020-05-11', 4, NULL, NULL, 'ابو جوهر', NULL, 'irbid', '2020-09-13'),
(102, 2510, '2020-05-12', 10, NULL, NULL, 'احمد البدر', NULL, 'irbid', '2020-09-13'),
(103, 2511, '2020-05-13', 10, NULL, NULL, 'احمد الشرع', NULL, 'irbid', '2020-09-13'),
(104, 2512, '2020-05-13', 20, NULL, NULL, 'صفوان الوديان', NULL, 'irbid', '2020-09-13'),
(105, 2513, '2020-05-13', 10, NULL, NULL, 'جهاد ملكاوي', NULL, 'irbid', '2020-09-13'),
(106, 2514, '2020-05-14', 10, NULL, NULL, 'حمزه محمد عيسى', NULL, 'irbid', '2020-09-13'),
(107, 2515, '2020-05-16', 10, NULL, NULL, 'صافي الجراح', NULL, 'irbid', '2020-09-13'),
(108, 2516, '2020-05-16', 10, NULL, NULL, 'يوسف مناهده', NULL, 'irbid', '2020-09-13'),
(109, 2517, '2020-05-18', 10, NULL, NULL, 'عاطف الشياب', NULL, 'irbid', '2020-09-13'),
(110, 2518, '2020-05-18', 10, NULL, NULL, 'احمد عوض', NULL, 'irbid', '2020-09-13'),
(111, 2519, '2020-05-19', 20, NULL, NULL, 'ابراهيم الشياب', NULL, 'irbid', '2020-09-13'),
(112, 2520, '2020-05-19', 10, NULL, NULL, 'احمد علي عبد', NULL, 'irbid', '2020-09-13'),
(113, 2521, '2020-05-19', 10, NULL, NULL, 'معن ابو جبل', NULL, 'irbid', '2020-09-13'),
(114, 2522, '2020-05-19', 10, NULL, NULL, 'بسام الزعبي', NULL, 'irbid', '2020-09-13'),
(115, 2523, '2020-05-20', 10, NULL, NULL, 'احمد ملكاوي', NULL, 'irbid', '2020-09-13'),
(116, 2524, '2020-05-20', 10, NULL, NULL, 'حيان دهون', NULL, 'irbid', '2020-09-13'),
(117, 2525, '2020-05-20', 10, NULL, NULL, 'عاطف الشياب', NULL, 'irbid', '2020-09-13'),
(118, 2526, '2020-05-21', 10, NULL, NULL, 'ناصر احمد العسولي', NULL, 'irbid', '2020-09-13'),
(119, 2527, '2020-05-21', 10, NULL, NULL, 'هديل حداد', NULL, 'irbid', '2020-09-13'),
(120, 2528, '2020-05-21', 0, NULL, NULL, 'غير واصل', NULL, 'irbid', '2020-09-13'),
(121, 2529, '2020-05-21', 10, NULL, NULL, 'قيس الشياب', NULL, 'irbid', '2020-09-13'),
(122, 2530, '2020-05-21', 10, NULL, NULL, 'حازم بني سعيد', NULL, 'irbid', '2020-09-13'),
(123, 2531, '2020-05-26', 10, NULL, NULL, 'القاضي علي الجوارنه', NULL, 'irbid', '2020-09-13'),
(124, 2532, '2020-05-26', 10, NULL, NULL, 'احمد رفاعي', NULL, 'irbid', '2020-09-13'),
(125, 2533, '2020-05-26', 10, NULL, NULL, 'معتصم حسنات', NULL, 'irbid', '2020-09-13'),
(126, 2534, '2020-05-26', 20, NULL, NULL, 'احمد مقابله', NULL, 'irbid', '2020-09-13'),
(127, 2535, '2020-05-26', 10, NULL, NULL, 'حكم', NULL, 'irbid', '2020-09-13'),
(128, 2536, '2020-05-27', 10, NULL, NULL, 'اشرف الجراح', NULL, 'irbid', '2020-09-13'),
(129, 2537, '2020-05-27', 10, NULL, NULL, 'عمر الدعجه', NULL, 'irbid', '2020-09-13'),
(130, 2538, '2020-05-27', 10, NULL, NULL, 'محمد حميدان', NULL, 'irbid', '2020-09-13'),
(131, 2539, '2020-05-27', 10, NULL, NULL, 'علاء الشاعر', NULL, 'irbid', '2020-09-13'),
(132, 2540, '2020-05-27', 20, NULL, NULL, 'ناصر الزمان', NULL, 'irbid', '2020-09-13'),
(133, 2541, '2020-05-27', 0, NULL, NULL, 'غير واصل', NULL, 'irbid', '2020-09-13'),
(134, 2542, '2020-05-27', 0, NULL, NULL, 'غير واصل', NULL, 'irbid', '2020-09-13'),
(135, 2543, '2020-05-27', 0, NULL, NULL, 'غير واصل', NULL, 'irbid', '2020-09-13'),
(136, 2544, '2020-05-27', 0, NULL, NULL, 'غير واصل', NULL, 'irbid', '2020-09-13'),
(137, 2545, '2020-05-27', 0, NULL, NULL, 'غير واصل', NULL, 'irbid', '2020-09-13'),
(138, 2546, '2020-05-27', 0, NULL, NULL, 'غير واصل', NULL, 'irbid', '2020-09-13'),
(139, 2547, '2020-05-27', 0, NULL, NULL, 'غير واصل', NULL, 'irbid', '2020-09-13'),
(140, 2548, '2020-05-27', 0, NULL, NULL, 'غير واصل', NULL, 'irbid', '2020-09-13'),
(141, 2549, '2020-05-27', 0, NULL, NULL, 'غير واصل', NULL, 'irbid', '2020-09-13'),
(142, 2550, '2020-05-27', 0, NULL, NULL, 'غير واصل', NULL, 'irbid', '2020-09-13'),
(143, 1901, '2020-05-28', 10, NULL, NULL, 'محمد العيسى', NULL, 'irbid', '2020-09-13'),
(144, 1902, '2020-05-30', 10, NULL, NULL, 'خالد دبور', NULL, 'irbid', '2020-09-13'),
(145, 1903, '2020-05-30', 10, NULL, NULL, 'اسلام شديفات', NULL, 'irbid', '2020-09-13'),
(146, 1904, '2020-05-30', 10, NULL, NULL, 'محمد مقابله', NULL, 'irbid', '2020-09-13'),
(147, 1905, '2020-05-30', 10, NULL, NULL, 'محمد سعديه', NULL, 'irbid', '2020-09-13'),
(149, 1907, '2020-05-31', 10, NULL, NULL, 'محمد البطاع', NULL, 'irbid', '2020-09-13'),
(150, 1908, '2020-05-31', 10, NULL, NULL, 'صخر العكور', NULL, 'irbid', '2020-09-13'),
(152, 1910, '2020-05-31', 20, 20, '2020-09-13', 'عاصم بشتاوي', NULL, 'irbid', '2020-09-13');

-- --------------------------------------------------------

--
-- Table structure for table `jabl_amman`
--

CREATE TABLE `jabl_amman` (
  `id` int(11) NOT NULL,
  `invoice_number` int(11) NOT NULL,
  `invoice_date` date NOT NULL,
  `invoice_amm` int(11) NOT NULL,
  `ref_amm` int(11) DEFAULT NULL,
  `ref_date` date DEFAULT NULL,
  `customer_name` varchar(20) NOT NULL,
  `customer_phone` varchar(30) DEFAULT NULL,
  `branch_name` varchar(7) NOT NULL,
  `created` date NOT NULL
) ENGINE=InnoDB DEFAULT CHARSET=utf8;

--
-- Dumping data for table `jabl_amman`
--

INSERT INTO `jabl_amman` (`id`, `invoice_number`, `invoice_date`, `invoice_amm`, `ref_amm`, `ref_date`, `customer_name`, `customer_phone`, `branch_name`, `created`) VALUES
(1, 2028, '2020-03-05', 10, 10, '2020-06-20', 'ريم الباشا', NULL, 'jabl_am', '2020-09-13'),
(2, 2029, '2020-03-06', 20, 20, '2020-06-20', 'كرم بيروت', NULL, 'jabl_am', '2020-09-13'),
(3, 2030, '2020-03-06', 10, 10, '2020-06-20', 'جهاد الغانم', NULL, 'jabl_am', '2020-09-13'),
(4, 2031, '2020-03-07', 10, 10, '2020-06-20', 'حسان المفلح', NULL, 'jabl_am', '2020-09-13'),
(5, 2032, '2020-03-08', 10, 10, '2020-06-20', 'رانيا نقولا', NULL, 'jabl_am', '2020-09-13'),
(6, 2033, '2020-03-08', 10, NULL, NULL, 'مؤسسه تمويل الدوليه', NULL, 'jabl_am', '2020-09-13'),
(7, 2034, '2020-03-08', 10, 10, '2020-06-20', 'خالد الاحمد', NULL, 'jabl_am', '2020-09-13'),
(8, 2035, '2020-03-09', 10, 10, '2020-06-20', 'غيث', NULL, 'jabl_am', '2020-09-13'),
(9, 2036, '2020-03-09', 20, 20, '2020-06-20', 'مازن عوده', NULL, 'jabl_am', '2020-09-13'),
(10, 2037, '2020-03-10', 10, 10, '2020-06-20', 'نيرفين ابو طوق', NULL, 'jabl_am', '2020-09-13'),
(11, 2038, '2020-03-10', 20, 20, '2020-06-20', 'موسى', NULL, 'jabl_am', '2020-09-13'),
(12, 2039, '2020-03-11', 10, 10, '2020-06-20', 'الاتحاد الدنماركي', NULL, 'jabl_am', '2020-09-13'),
(13, 2040, '2020-03-12', 10, 10, '2020-06-20', 'رامي بركات', NULL, 'jabl_am', '2020-09-13'),
(14, 2041, '2020-03-12', 20, 20, '2020-06-20', 'مهندس هاشم', NULL, 'jabl_am', '2020-09-13'),
(15, 2042, '2020-03-12', 10, 10, '2020-06-20', 'يزيد مكاحله', NULL, 'jabl_am', '2020-09-13'),
(16, 2043, '2020-03-13', 10, 10, '2020-06-20', 'حسن سعيد', NULL, 'jabl_am', '2020-09-13'),
(17, 2044, '2020-03-14', 10, 10, '2020-06-22', 'رائد حماد', NULL, 'jabl_am', '2020-09-13'),
(18, 2045, '2020-03-16', 20, NULL, NULL, 'د. هبه', NULL, 'jabl_am', '2020-09-13'),
(19, 2046, '2020-03-18', 20, NULL, NULL, 'حسين الفاعوري', NULL, 'jabl_am', '2020-09-13'),
(20, 2047, '2020-03-18', 10, NULL, NULL, 'نور الفاعوري', NULL, 'jabl_am', '2020-09-13'),
(21, 2048, '2020-04-30', 10, NULL, NULL, 'محمد نشار', NULL, 'jabl_am', '2020-09-13'),
(22, 2049, '2020-05-02', 10, 10, '2020-06-23', 'مؤيد رحاحله', NULL, 'jabl_am', '2020-09-13'),
(23, 2050, '2020-05-02', 10, NULL, NULL, 'العنزي', NULL, 'jabl_am', '2020-09-13'),
(24, 1951, '2020-05-04', 10, 10, '2020-06-23', 'حنان عباس', NULL, 'jabl_am', '2020-09-13'),
(25, 1952, '2020-05-04', 10, 10, '2020-06-23', 'ايمن خلايله', NULL, 'jabl_am', '2020-09-13'),
(26, 1953, '2020-05-04', 10, 10, '2020-06-23', 'ابو سيف', NULL, 'jabl_am', '2020-09-13'),
(27, 1954, '2020-05-07', 10, 10, '2020-06-23', 'يحيى ابو شنب', NULL, 'jabl_am', '2020-09-13'),
(28, 1955, '2020-05-07', 10, 10, '2020-06-23', 'محمد الضمور', NULL, 'jabl_am', '2020-09-13'),
(29, 1956, '2020-05-07', 10, 10, '2020-06-23', 'فؤاد حاج', NULL, 'jabl_am', '2020-09-13'),
(30, 1957, '2020-05-07', 10, 10, '2020-06-23', 'علاء اليشاوي', NULL, 'jabl_am', '2020-09-13'),
(31, 1958, '2020-05-07', 10, 10, '2020-06-23', 'محمد شريف', NULL, 'jabl_am', '2020-09-13'),
(32, 1959, '2020-05-11', 10, 10, '2020-06-23', 'محمد مسعود', NULL, 'jabl_am', '2020-09-13'),
(33, 1960, '2020-05-12', 10, 10, '2020-06-23', 'محمد احمد', NULL, 'jabl_am', '2020-09-13'),
(34, 1961, '2020-05-12', 20, NULL, NULL, 'مكتب بيطار', NULL, 'jabl_am', '2020-09-13'),
(35, 1962, '2020-05-12', 10, 10, '2020-06-23', 'ندى بواري', NULL, 'jabl_am', '2020-09-13'),
(36, 1963, '2020-05-16', 10, NULL, NULL, 'اياد حمايده', NULL, 'jabl_am', '2020-09-13'),
(37, 1964, '2020-05-18', 10, 10, '2020-06-24', 'عمر الحوسي', NULL, 'jabl_am', '2020-09-13'),
(38, 1965, '2020-05-18', 10, 10, '2020-06-24', 'مؤمن سادات', NULL, 'jabl_am', '2020-09-13'),
(39, 1966, '2020-05-20', 10, 10, '2020-06-23', 'احمد الوزان', NULL, 'jabl_am', '2020-09-13'),
(40, 1967, '2020-05-20', 10, 10, '2020-06-24', 'تب سف', NULL, 'jabl_am', '2020-09-13'),
(41, 1968, '2020-05-21', 10, NULL, NULL, 'محمد البني', NULL, 'jabl_am', '2020-09-13'),
(42, 1969, '2020-05-25', 10, NULL, NULL, 'محمود هشام', NULL, 'jabl_am', '2020-09-13'),
(43, 1970, '2020-05-28', 10, 10, '2020-06-24', 'مؤيد الحسيني', NULL, 'jabl_am', '2020-09-13'),
(44, 1971, '2020-05-28', 10, 10, '2020-06-24', 'احمد الوزان', NULL, 'jabl_am', '2020-09-13'),
(45, 1972, '2020-05-28', 10, NULL, NULL, 'ايمن صلاح', NULL, 'jabl_am', '2020-09-13'),
(46, 1973, '2020-05-30', 10, 10, '2020-06-24', 'تب شيف', NULL, 'jabl_am', '2020-09-13'),
(47, 1974, '2020-05-31', 10, NULL, NULL, 'رشا محادين', NULL, 'jabl_am', '2020-09-13'),
(48, 1975, '2020-06-01', 10, NULL, NULL, 'محمد همشري', NULL, 'jabl_am', '2020-09-13'),
(49, 1976, '2020-06-02', 10, NULL, NULL, 'سامي تادرس', NULL, 'jabl_am', '2020-09-13'),
(50, 1977, '2020-06-03', 10, NULL, NULL, 'زياد غانم', NULL, 'jabl_am', '2020-09-13'),
(51, 1978, '2020-06-03', 10, NULL, NULL, 'فرح سكريه', NULL, 'jabl_am', '2020-09-13'),
(52, 1979, '2020-06-03', 10, NULL, NULL, 'احمد بعور', NULL, 'jabl_am', '2020-09-13'),
(53, 1982, '2020-06-06', 10, NULL, NULL, 'احمد ابو فارس', NULL, 'jabl_am', '2020-09-13'),
(54, 1983, '2020-06-06', 10, NULL, NULL, 'طارق احمد', NULL, 'jabl_am', '2020-09-13'),
(55, 1984, '2020-06-06', 10, NULL, NULL, 'قيس بلبل', NULL, 'jabl_am', '2020-09-13'),
(56, 1985, '2020-06-06', 40, NULL, NULL, 'يزن مكاحله', NULL, 'jabl_am', '2020-09-13'),
(57, 1986, '2020-06-06', 10, NULL, NULL, 'محمد نور الاسد', NULL, 'jabl_am', '2020-09-13'),
(58, 1987, '2020-06-06', 10, NULL, NULL, 'كرم بيروت', NULL, 'jabl_am', '2020-09-13'),
(59, 1988, '2020-06-07', 10, NULL, NULL, 'عدي مرعي', NULL, 'jabl_am', '2020-09-13'),
(60, 1989, '2020-06-07', 10, NULL, NULL, 'حمزه الزغاليل', NULL, 'jabl_am', '2020-09-13'),
(61, 1990, '2020-06-07', 10, NULL, NULL, 'احمد ناصر', NULL, 'jabl_am', '2020-09-13'),
(62, 1991, '2020-06-08', 10, NULL, NULL, 'اسامه الفاخوري', NULL, 'jabl_am', '2020-09-13'),
(63, 1992, '2020-06-08', 10, NULL, NULL, 'زياد غانم', NULL, 'jabl_am', '2020-09-13'),
(64, 1993, '2020-06-08', 20, NULL, NULL, 'احمد مفاصله', NULL, 'jabl_am', '2020-09-13'),
(65, 1994, '2020-06-09', 10, NULL, NULL, 'لينا ماهر', NULL, 'jabl_am', '2020-09-13'),
(66, 1995, '2020-06-09', 10, NULL, NULL, 'د. بهاء', NULL, 'jabl_am', '2020-09-13'),
(67, 1996, '2020-06-09', 10, NULL, NULL, 'حمزه المومني', NULL, 'jabl_am', '2020-09-13'),
(68, 1997, '2020-06-09', 40, NULL, NULL, 'ناجي ابو الروس', NULL, 'jabl_am', '2020-09-13'),
(69, 1998, '2020-06-10', 10, NULL, NULL, 'عامر محمد رجب', NULL, 'jabl_am', '2020-09-13'),
(70, 1999, '2020-06-10', 10, NULL, NULL, 'عباده حداد', NULL, 'jabl_am', '2020-09-13'),
(71, 2000, '2020-06-11', 10, NULL, NULL, 'اسامه', NULL, 'jabl_am', '2020-09-13'),
(72, 2051, '2020-06-11', 10, NULL, NULL, 'فاروق جيزاوي', NULL, 'jabl_am', '2020-09-13'),
(73, 2052, '2020-06-11', 10, NULL, NULL, 'محمد شرف', NULL, 'jabl_am', '2020-09-13'),
(74, 2053, '2020-06-11', 30, NULL, NULL, 'خالد خلايله', NULL, 'jabl_am', '2020-09-13'),
(75, 2054, '2020-06-11', 30, NULL, NULL, 'فايز الطيب', NULL, 'jabl_am', '2020-09-13'),
(76, 2055, '2020-06-11', 30, NULL, NULL, 'ناصر غيث', NULL, 'jabl_am', '2020-09-13'),
(77, 2056, '2020-06-12', 10, NULL, NULL, 'نمر ابو غايش', NULL, 'jabl_am', '2020-09-13'),
(78, 2057, '2020-06-12', 10, NULL, NULL, 'ايمن صلاح', NULL, 'jabl_am', '2020-09-13'),
(79, 2058, '2020-06-13', 10, NULL, NULL, 'احمد الشايب', NULL, 'jabl_am', '2020-09-13'),
(80, 2059, '2020-06-13', 10, NULL, NULL, 'حسام دبابنه', NULL, 'jabl_am', '2020-09-13'),
(81, 2060, '2020-06-14', 10, NULL, NULL, 'ساهر عربيات', NULL, 'jabl_am', '2020-09-13'),
(82, 1980, '2020-06-04', 10, NULL, NULL, 'ناجي', NULL, 'jabl_am', '2020-09-13'),
(83, 1981, '2020-06-04', 10, NULL, NULL, 'مهندس سامي شنك', NULL, 'jabl_am', '2020-09-13'),
(84, 2061, '2020-06-15', 10, NULL, NULL, 'محمد ملحم', NULL, 'jabl_am', '2020-09-13'),
(85, 2062, '2020-06-15', 10, NULL, NULL, 'معاويه ذبيان', NULL, 'jabl_am', '2020-09-13'),
(86, 2063, '2020-06-15', 10, NULL, NULL, 'محمود الهواني', NULL, 'jabl_am', '2020-09-13'),
(88, 2065, '2020-06-16', 10, 10, '2020-09-13', 'ابو عباد', NULL, 'jabl_am', '2020-09-13');

-- --------------------------------------------------------

--
-- Table structure for table `khalda`
--

CREATE TABLE `khalda` (
  `id` int(11) NOT NULL,
  `invoice_number` int(11) NOT NULL,
  `invoice_date` date NOT NULL,
  `invoice_amm` int(11) NOT NULL,
  `ref_amm` int(11) DEFAULT NULL,
  `ref_date` date DEFAULT NULL,
  `customer_name` varchar(20) NOT NULL,
  `customer_phone` varchar(30) DEFAULT NULL,
  `branch_name` varchar(7) NOT NULL,
  `created` varchar(30) DEFAULT NULL
) ENGINE=InnoDB DEFAULT CHARSET=utf8;

--
-- Dumping data for table `khalda`
--

INSERT INTO `khalda` (`id`, `invoice_number`, `invoice_date`, `invoice_amm`, `ref_amm`, `ref_date`, `customer_name`, `customer_phone`, `branch_name`, `created`) VALUES
(1, 2291, '2020-03-07', 10, NULL, NULL, 'فيليب دحدل', NULL, 'khalda', NULL),
(2, 2292, '2020-03-07', 10, 10, '2020-06-20', 'عبد الرحمن', NULL, 'khalda', NULL),
(3, 2293, '2020-03-08', 30, 30, '2020-06-20', 'احمد العبادي', NULL, 'khalda', NULL),
(4, 2294, '2020-03-08', 10, NULL, NULL, 'فراس', NULL, 'khalda', NULL),
(5, 2295, '2020-03-09', 30, 30, '2020-06-20', 'محمد هواوشه', NULL, 'khalda', NULL),
(6, 2296, '2020-03-09', 10, NULL, NULL, 'رامي الداوود', NULL, 'khalda', NULL),
(7, 2297, '2020-03-09', 10, 10, '2020-06-20', 'عبد الله سلطان', NULL, 'khalda', NULL),
(8, 2298, '2020-03-12', 10, 10, '2020-06-20', 'انس البدور', NULL, 'khalda', NULL),
(9, 2299, '2020-03-12', 10, 10, '2020-06-20', 'ربى طه', NULL, 'khalda', NULL),
(10, 2300, '2020-03-13', 10, 10, '2020-06-20', 'عاليه عثمان', NULL, 'khalda', NULL),
(11, 1801, '2020-03-13', 10, NULL, NULL, 'بلال رشيد', NULL, 'khalda', NULL),
(12, 1802, '2020-03-13', 20, 20, '2020-06-20', 'وائل حوراني', NULL, 'khalda', NULL),
(13, 1803, '2020-03-14', 10, NULL, NULL, 'جميل ابو هليل', NULL, 'khalda', NULL),
(14, 1804, '2020-03-15', 20, 20, '2020-06-20', 'محمد طه', NULL, 'khalda', NULL),
(15, 1805, '2020-03-15', 10, 10, '2020-06-20', 'عبد الله ابو سليم', NULL, 'khalda', NULL),
(16, 1806, '2020-03-18', 20, 20, '2020-06-23', 'طارق الشياب', NULL, 'khalda', NULL),
(17, 1807, '2020-03-20', 10, NULL, NULL, 'سمير برغوثي', NULL, 'khalda', NULL),
(18, 1810, '2020-05-04', 10, NULL, NULL, 'هبه حسن', NULL, 'khalda', NULL),
(19, 1811, '2020-05-04', 10, NULL, NULL, 'وليد', NULL, 'khalda', NULL),
(20, 1812, '2020-05-05', 10, 10, '2020-06-23', 'محمد الواكد', NULL, 'khalda', NULL),
(21, 1813, '2020-05-05', 10, 10, '2020-06-23', 'غسان', NULL, 'khalda', NULL),
(22, 1808, '2020-05-02', 10, 10, '2020-06-23', 'د. معتز حدادين', NULL, 'khalda', NULL),
(23, 1809, '2020-05-02', 10, 10, '2020-06-23', 'رانيا ريحاني', NULL, 'khalda', NULL),
(24, 1016, '2020-05-07', 10, 10, '2020-06-23', 'مهند القرعان', NULL, 'khalda', NULL),
(25, 1017, '2020-05-07', 10, 10, '2020-06-23', 'تمارا دويكات', NULL, 'khalda', NULL),
(26, 1818, '2020-05-09', 10, 10, '2020-06-23', 'حسين حسن', NULL, 'khalda', NULL),
(27, 1819, '2020-05-09', 10, 10, '2020-06-23', 'د. سيف مساعده', NULL, 'khalda', NULL),
(28, 1814, '2020-05-06', 20, NULL, NULL, 'نورا ريان', NULL, 'khalda', NULL),
(29, 1815, '2020-05-06', 10, NULL, NULL, 'عمر بسام', NULL, 'khalda', NULL),
(30, 1820, '2020-05-10', 10, 10, '2020-06-23', 'يزن علوش', NULL, 'khalda', NULL),
(31, 1821, '2020-05-13', 10, 10, '2020-06-23', 'ليث الرواشده', NULL, 'khalda', NULL),
(32, 1822, '2020-05-13', 10, NULL, NULL, 'ابراهيم محمد', NULL, 'khalda', NULL),
(33, 1823, '2020-05-14', 0, NULL, NULL, 'ملغي', NULL, 'khalda', NULL),
(34, 1824, '2020-05-14', 10, 10, '2020-06-23', 'باسل المعايطه', NULL, 'khalda', NULL),
(35, 1825, '2020-05-18', 10, 10, '2020-06-23', 'محمد ابو هديب', NULL, 'khalda', NULL),
(36, 1826, '2020-05-21', 10, 10, '2020-06-24', 'محمد الشياب', NULL, 'khalda', NULL),
(37, 1827, '2020-05-21', 10, NULL, NULL, 'احمد العبادي', NULL, 'khalda', NULL),
(38, 1828, '2020-05-21', 10, 10, '2020-06-24', 'قصي صويص', NULL, 'khalda', NULL),
(39, 1829, '2020-05-25', 10, 10, '2020-06-24', 'حسام الدويكات', NULL, 'khalda', NULL),
(40, 1830, '2020-05-27', 10, NULL, NULL, 'عمار', NULL, 'khalda', NULL),
(41, 1831, '2020-05-28', 10, 10, '2020-06-24', 'حسان الزعبي', NULL, 'khalda', NULL),
(42, 1832, '2020-05-28', 10, 10, '2020-06-24', 'عبدو اسماعيل', NULL, 'khalda', NULL),
(43, 1833, '2020-05-28', 10, 10, '2020-06-24', 'زيد اغا', NULL, 'khalda', NULL),
(44, 1834, '2020-05-28', 20, NULL, NULL, 'تمارا النابلسي', NULL, 'khalda', NULL),
(45, 1835, '2020-05-31', 20, NULL, NULL, 'مهند المغربي', NULL, 'khalda', NULL),
(46, 1836, '2020-05-31', 20, NULL, NULL, 'احمد', NULL, 'khalda', NULL),
(47, 1837, '2020-06-01', 20, NULL, NULL, 'حمزه العموري', NULL, 'khalda', NULL),
(48, 1838, '2020-06-01', 10, NULL, NULL, 'اسماعيل هديب', NULL, 'khalda', NULL),
(49, 1839, '2020-06-02', 10, NULL, NULL, 'عبد الرحمن غنيم', NULL, 'khalda', NULL),
(50, 1840, '2020-06-03', 10, NULL, NULL, 'عاصم المعايطه', NULL, 'khalda', NULL),
(51, 1841, '2020-06-03', 20, NULL, NULL, 'احمد العدوان', NULL, 'khalda', NULL),
(52, 1842, '2020-06-03', 10, NULL, NULL, 'نظمي الزيود', NULL, 'khalda', NULL),
(53, 1843, '2020-06-04', 10, NULL, NULL, 'محمود عربيات', NULL, 'khalda', NULL),
(54, 1844, '2020-06-04', 20, NULL, NULL, 'رقيه', NULL, 'khalda', NULL),
(55, 1845, '2020-06-04', 10, NULL, NULL, 'د. هيفا ناجي', NULL, 'khalda', NULL),
(56, 1846, '2020-06-04', 10, NULL, NULL, 'احمد ابو السمن', NULL, 'khalda', NULL),
(57, 1847, '2020-06-04', 10, NULL, NULL, 'د. جميل', NULL, 'khalda', NULL),
(58, 1848, '2020-06-04', 10, NULL, NULL, 'سيف الدليبي', NULL, 'khalda', NULL),
(59, 1849, '2020-06-06', 10, NULL, NULL, 'الحرس الملكي', NULL, 'khalda', NULL),
(60, 1850, '2020-06-06', 20, NULL, NULL, 'تغريد', NULL, 'khalda', NULL),
(61, 1851, '2020-06-06', 10, NULL, NULL, 'عدي الروسان', NULL, 'khalda', NULL),
(62, 1852, '2020-06-06', 10, NULL, NULL, 'صقر العبادي', NULL, 'khalda', NULL),
(63, 1853, '2020-06-06', 10, NULL, NULL, 'ايهم الشوابكه', NULL, 'khalda', NULL),
(64, 1854, '2020-06-06', 10, NULL, NULL, 'عماد مصالحه', NULL, 'khalda', NULL),
(65, 1855, '2020-06-07', 10, NULL, NULL, 'محمد المومني', NULL, 'khalda', NULL),
(66, 1856, '2020-06-07', 10, NULL, NULL, 'ابراهيم عبد الله', NULL, 'khalda', NULL),
(67, 1857, '2020-06-07', 20, NULL, NULL, 'روان العدوان', NULL, 'khalda', NULL),
(68, 1858, '2020-06-07', 10, NULL, NULL, 'الحرس الملكي', NULL, 'khalda', NULL),
(69, 1859, '2020-06-07', 0, NULL, NULL, 'ملغي', NULL, 'khalda', NULL),
(70, 1860, '2020-06-07', 40, NULL, NULL, 'ايمان مشاقبه', NULL, 'khalda', NULL),
(71, 1861, '2020-06-08', 10, NULL, NULL, 'اصاله العجارمه', NULL, 'khalda', NULL),
(73, 1863, '2020-06-09', 10, NULL, NULL, 'مروى الطوباسي', NULL, 'khalda', NULL),
(74, 1864, '2020-06-09', 10, NULL, NULL, 'ايهاب عواد', NULL, 'khalda', NULL),
(75, 1865, '2020-06-10', 10, NULL, NULL, 'سامي الفاعوري', NULL, 'khalda', NULL),
(76, 1866, '2020-06-10', 10, NULL, NULL, 'حسين مقدادي', NULL, 'khalda', NULL),
(77, 1867, '2020-06-10', 10, NULL, NULL, 'عبد الله ابو الهيجاء', NULL, 'khalda', NULL),
(78, 1868, '2020-06-10', 10, NULL, NULL, 'عمر الويسي', NULL, 'khalda', NULL),
(79, 1869, '2020-06-10', 10, NULL, NULL, 'صلاح', NULL, 'khalda', NULL),
(80, 1870, '2020-06-11', 30, NULL, NULL, 'كمال غرايبه', NULL, 'khalda', NULL),
(81, 1871, '2020-06-11', 20, NULL, NULL, 'فؤاد خليل', NULL, 'khalda', NULL),
(82, 1872, '2020-06-11', 10, NULL, NULL, 'امير صباحين', NULL, 'khalda', NULL),
(83, 1873, '2020-06-11', 20, NULL, NULL, 'جوزيف مساعده', NULL, 'khalda', NULL),
(84, 1874, '2020-06-11', 10, NULL, NULL, 'احمد عبيدات', NULL, 'khalda', NULL),
(85, 1875, '2020-06-11', 20, NULL, NULL, 'محمد زريقات', NULL, 'khalda', NULL),
(86, 1876, '2020-06-12', 30, NULL, NULL, 'موسى المزرعاوي', NULL, 'khalda', NULL),
(87, 1877, '2020-06-12', 10, NULL, NULL, 'اسامه البواب', NULL, 'khalda', NULL),
(88, 1878, '2020-06-12', 10, NULL, NULL, 'رائد الزيود', NULL, 'khalda', NULL),
(89, 1879, '2020-06-12', 10, NULL, NULL, 'عبد الحليم قطيشات', NULL, 'khalda', NULL),
(90, 1880, '2020-06-12', 10, NULL, NULL, 'مهند المغربي', NULL, 'khalda', NULL),
(91, 1881, '2020-06-12', 10, NULL, NULL, 'طارق جلاد', NULL, 'khalda', NULL),
(92, 1882, '2020-06-12', 10, NULL, NULL, 'احمد عبد الله الشياب', NULL, 'khalda', NULL),
(93, 1883, '2020-06-12', 10, NULL, NULL, 'ريم البرهومي', NULL, 'khalda', NULL),
(94, 1884, '2020-06-12', 10, NULL, NULL, 'فرحان الزعبي', NULL, 'khalda', NULL),
(95, 1885, '2020-06-12', 10, NULL, NULL, 'د. مروان ابو حويش', NULL, 'khalda', NULL),
(96, 1886, '2020-06-13', 10, 10, '2020-09-16', 'وسام العبادي', NULL, 'khalda', NULL),
(97, 1887, '2020-06-13', 10, 10, '2020-09-13', 'ابراهيم الفقيه', NULL, 'khalda', NULL),
(99, 1889, '2020-06-14', 20, 20, '2020-09-13', 'دكتور محمد', NULL, 'khalda', NULL),
(100, 1890, '2020-06-14', 10, 10, '2020-09-14', 'موسى جباره', NULL, 'khalda', NULL),
(105, 4544, '2020-09-30', 10, 0, '0000-00-00', 'علاء صوافطة', '0795702422', 'madenah', '2020-09-30'),
(106, 3665, '2020-10-21', 10, 0, '0000-00-00', 'يزن مشعل', '0797545774', 'madenah', '2020-10-21');

-- --------------------------------------------------------

--
-- Table structure for table `madenah_street`
--

CREATE TABLE `madenah_street` (
  `id` int(11) NOT NULL,
  `invoice_number` int(11) NOT NULL,
  `invoice_date` date NOT NULL,
  `invoice_amm` int(11) NOT NULL,
  `ref_amm` int(11) DEFAULT NULL,
  `ref_date` date DEFAULT NULL,
  `customer_name` varchar(20) NOT NULL,
  `customer_phone` varchar(30) DEFAULT NULL,
  `branch_name` varchar(14) NOT NULL,
  `created` date NOT NULL
) ENGINE=InnoDB DEFAULT CHARSET=utf8;

--
-- Dumping data for table `madenah_street`
--

INSERT INTO `madenah_street` (`id`, `invoice_number`, `invoice_date`, `invoice_amm`, `ref_amm`, `ref_date`, `customer_name`, `customer_phone`, `branch_name`, `created`) VALUES
(1, 339, '2020-03-05', 10, 10, '2020-06-20', 'محمود السالم', '', 'madenah_street', '2020-09-08'),
(2, 340, '2020-03-05', 10, 10, '2020-06-20', 'عز الدين ملكاوي', '', 'madenah_street', '2020-09-08'),
(3, 341, '2020-03-05', 10, 10, '2020-06-20', 'وسام جرار', '', 'madenah_street', '2020-09-08'),
(4, 342, '2020-03-05', 10, 10, '2020-06-20', 'احمد ابو الحسين', '', 'madenah_street', '2020-09-08'),
(5, 343, '2020-03-06', 30, 30, '2020-06-20', 'فادي الصمادي', '', 'madenah_street', '2020-09-08'),
(6, 344, '2020-03-06', 10, NULL, NULL, 'اسراء', '', 'madenah_street', '2020-09-08'),
(7, 345, '2020-03-06', 10, NULL, NULL, 'احمد النجار', '', 'madenah_street', '2020-09-08'),
(8, 346, '2020-03-06', 10, 10, '2020-06-20', 'فراس ابو جسار', '', 'madenah_street', '2020-09-08'),
(9, 347, '2020-03-06', 10, 10, '2020-06-20', 'حسين العتوم', '', 'madenah_street', '2020-09-08'),
(10, 348, '2020-03-06', 10, 10, '2020-06-20', 'عماد ابو الطيب', '', 'madenah_street', '2020-09-08'),
(11, 349, '2020-03-06', 20, 20, '2020-06-20', 'زهير ابو عثمان', '', 'madenah_street', '2020-09-08'),
(12, 350, '2020-03-06', 10, NULL, NULL, 'سعدي السعدي', '', 'madenah_street', '2020-09-08'),
(13, 351, '2020-03-06', 10, 10, '2020-06-20', 'عبد الرحمن قطب', '', 'madenah_street', '2020-09-08'),
(14, 352, '2020-03-07', 10, 10, '2020-06-20', 'عياد العياصره', '', 'madenah_street', '2020-09-08'),
(15, 353, '2020-03-07', 10, 10, '2020-06-20', 'عبد الله', '', 'madenah_street', '2020-09-08'),
(16, 354, '2020-03-07', 10, 10, '2020-06-20', 'جمال علي الحارس', '', 'madenah_street', '2020-09-08'),
(17, 355, '2020-03-07', 40, 40, '2020-06-20', 'زيد ملكاوي', '', 'madenah_street', '2020-09-08'),
(18, 356, '2020-03-07', 20, 20, '2020-06-20', 'محمد حسن', '', 'madenah_street', '2020-09-08'),
(19, 357, '2020-03-08', 20, 20, '2020-06-20', 'ماجد شكري', '', 'madenah_street', '2020-09-08'),
(20, 358, '2020-03-08', 10, NULL, NULL, 'عبد الله جروان', '', 'madenah_street', '2020-09-08'),
(21, 359, '2020-03-08', 10, 10, '2020-06-20', 'رؤوف كامل', '', 'madenah_street', '2020-09-08'),
(22, 360, '2020-03-09', 10, NULL, NULL, 'محمد خير زيتون', '', 'madenah_street', '2020-09-08'),
(23, 361, '2020-03-09', 10, NULL, NULL, 'نور الدين', '', 'madenah_street', '2020-09-08'),
(24, 362, '2020-03-09', 10, 10, '2020-06-20', 'حداد حسين', '', 'madenah_street', '2020-09-08'),
(25, 363, '2020-03-09', 10, NULL, NULL, 'احمد الحديني', '', 'madenah_street', '2020-09-08'),
(26, 364, '2020-03-10', 10, 10, '2020-06-20', 'ابراهيم النداف', '', 'madenah_street', '2020-09-08'),
(27, 365, '2020-03-10', 10, 10, '2020-06-20', 'حميد اللبندي', '', 'madenah_street', '2020-09-08'),
(28, 366, '2020-03-11', 10, 10, '2020-06-21', 'اسامه', '', 'madenah_street', '2020-09-08'),
(29, 367, '2020-03-11', 10, 10, '2020-06-20', 'فيصل الفاضل', '', 'madenah_street', '2020-09-08'),
(30, 368, '2020-03-11', 10, 10, '2020-06-22', 'علي عبد القادر', '', 'madenah_street', '2020-09-08'),
(31, 369, '2020-03-11', 10, 10, '2020-06-20', 'قيس خالد', '', 'madenah_street', '2020-09-08'),
(32, 370, '2020-03-12', 10, 10, '2020-06-20', 'معاذ العمد', '', 'madenah_street', '2020-09-08'),
(33, 371, '2020-03-12', 10, 10, '2020-06-20', 'احمد عويسات', '', 'madenah_street', '2020-09-08'),
(34, 372, '2020-03-12', 20, 20, '2020-06-20', 'محمد ناجح', '', 'madenah_street', '2020-09-08'),
(35, 373, '2020-03-12', 10, 10, '2020-06-20', 'عدي الهنداوي', '', 'madenah_street', '2020-09-08'),
(36, 374, '2020-03-13', 10, 10, '2020-06-20', 'سميح صالح', '', 'madenah_street', '2020-09-08'),
(37, 375, '2020-03-13', 10, NULL, NULL, 'مصطفى عياصره', '', 'madenah_street', '2020-09-08'),
(38, 376, '2020-03-14', 10, NULL, NULL, 'طارق العريدي', '', 'madenah_street', '2020-09-08'),
(39, 377, '2020-03-15', 10, NULL, NULL, 'سامر خميس', '', 'madenah_street', '2020-09-08'),
(40, 378, '2020-03-16', 20, NULL, NULL, 'د. عبد الرحمن بلبيسي', '', 'madenah_street', '2020-09-08'),
(41, 379, '2020-03-16', 20, 20, '2020-06-21', 'قصي الطيطي', '', 'madenah_street', '2020-09-08'),
(42, 401, '2020-04-28', 10, NULL, NULL, 'عماد', '', 'madenah_street', '2020-09-08'),
(43, 402, '2020-04-28', 10, NULL, NULL, 'سمير جندار', '', 'madenah_street', '2020-09-08'),
(44, 403, '2020-04-28', 10, NULL, NULL, 'محمد الورد', '', 'madenah_street', '2020-09-08'),
(46, 405, '2020-04-29', 20, 20, '2020-06-23', 'سعد الهنداوي', '', 'madenah_street', '2020-09-08'),
(47, 406, '2020-04-29', 10, 10, '2020-06-23', 'معاذ حسين', '', 'madenah_street', '2020-09-08'),
(48, 407, '2020-04-29', 10, 10, '2020-06-23', 'عمر الجغبير', '', 'madenah_street', '2020-09-08'),
(49, 408, '2020-04-29', 10, 10, '2020-06-22', 'عبد البديع', '', 'madenah_street', '2020-09-08'),
(51, 381, '2020-04-30', 10, NULL, NULL, 'محمد الحيطي', '', 'madenah_street', '2020-09-08'),
(52, 382, '2020-04-30', 40, NULL, NULL, 'خالد الهنيني', '', 'madenah_street', '2020-09-08'),
(53, 383, '2020-05-02', 10, 10, '2020-06-23', 'فاروق عواد', '', 'madenah_street', '2020-09-08'),
(54, 384, '2020-05-02', 10, 10, '2020-06-23', 'زياد سعيد', '', 'madenah_street', '2020-09-08'),
(55, 385, '2020-05-03', 10, NULL, NULL, 'ام مريم', '', 'madenah_street', '2020-09-08'),
(56, 386, '2020-05-03', 10, 10, '2020-06-23', 'امجد الضي', '', 'madenah_street', '2020-09-08'),
(58, 410, '2020-05-04', 10, 10, '2020-06-23', 'سعيد الهنداوي', '', 'madenah_street', '2020-09-08'),
(59, 411, '2020-05-04', 10, 10, '2020-06-23', 'عمر ابو يحيى', '', 'madenah_street', '2020-09-08'),
(60, 412, '2020-05-04', 10, NULL, NULL, 'عمر كروان', '', 'madenah_street', '2020-09-08'),
(61, 389, '2020-05-07', 10, NULL, NULL, 'عبد الله الخضر', '', 'madenah_street', '2020-09-08'),
(62, 390, '2020-05-07', 10, 10, '2020-06-23', 'د. احمد عثمان', '', 'madenah_street', '2020-09-08'),
(63, 391, '2020-05-07', 10, NULL, NULL, 'عبد الله الشمري', '', 'madenah_street', '2020-09-08'),
(64, 392, '2020-05-09', 10, 10, '2020-06-23', 'بسام محادين', '', 'madenah_street', '2020-09-08'),
(65, 393, '2020-05-10', 10, NULL, NULL, 'د. نجم لطفي', '', 'madenah_street', '2020-09-08'),
(66, 394, '2020-05-10', 10, NULL, NULL, 'غازي', '', 'madenah_street', '2020-09-08'),
(67, 395, '2020-05-10', 10, 10, '2020-06-23', 'محمد الضمور', '', 'madenah_street', '2020-09-08'),
(68, 396, '2020-05-11', 20, 20, '2020-06-23', 'محمد الفاعوري', '', 'madenah_street', '2020-09-08'),
(69, 397, '2020-05-11', 10, 10, '2020-06-23', 'انور يوسف', '', 'madenah_street', '2020-09-08'),
(70, 398, '2020-05-12', 10, 10, '2020-06-23', 'د. مهند', '', 'madenah_street', '2020-09-08'),
(71, 399, '2020-05-12', 10, 10, '2020-06-23', 'داليا اديب', '', 'madenah_street', '2020-09-08'),
(72, 400, '2020-05-12', 10, NULL, NULL, 'امجد عوكه', '', 'madenah_street', '2020-09-08'),
(73, 413, '2020-05-13', 10, 10, '2020-06-23', 'خالد بني حمد', '', 'madenah_street', '2020-09-08'),
(74, 414, '2020-05-14', 10, 10, '2020-06-23', 'عبد الله بني سعيد', '', 'madenah_street', '2020-09-08'),
(75, 415, '2020-05-14', 10, NULL, NULL, 'رامي عاشور', '', 'madenah_street', '2020-09-08'),
(76, 416, '2020-05-17', 10, NULL, NULL, 'حسام', '', 'madenah_street', '2020-09-08'),
(77, 417, '2020-05-17', 10, NULL, NULL, 'عنود التجاينه', '', 'madenah_street', '2020-09-08'),
(78, 418, '2020-05-17', 10, NULL, NULL, 'حمزه حياصات', '', 'madenah_street', '2020-09-08'),
(79, 419, '2020-05-17', 10, 10, '2020-06-23', 'د. مهند القواسمي', '', 'madenah_street', '2020-09-08'),
(80, 420, '2020-05-17', 10, NULL, NULL, 'نضال محفوظ', '', 'madenah_street', '2020-09-08'),
(81, 421, '2020-05-18', 20, NULL, NULL, 'ناصر صقر', '', 'madenah_street', '2020-09-08'),
(82, 422, '2020-05-18', 10, 10, '2020-06-23', 'احمد الطيطي', '', 'madenah_street', '2020-09-08'),
(83, 423, '2020-05-19', 10, NULL, NULL, 'لؤي العيسوي', '', 'madenah_street', '2020-09-08'),
(84, 424, '2020-05-19', 10, 10, '2020-06-24', 'لؤي سعود', '', 'madenah_street', '2020-09-08'),
(85, 425, '2020-05-20', 10, NULL, NULL, 'خالد القواسمه', '', 'madenah_street', '2020-09-08'),
(86, 388, '2020-05-05', 10, 10, '2020-06-23', 'هيثم الفقهاء', '', 'madenah_street', '2020-09-08'),
(87, 389, '2020-05-05', 10, 10, '2020-06-23', 'عبد الرحمن', '', 'madenah_street', '2020-09-08'),
(88, 426, '2020-05-21', 10, 10, '2020-06-24', 'ساره محمد', '', 'madenah_street', '2020-09-08'),
(89, 427, '2020-05-26', 20, 20, '2020-06-24', 'د. عبد الرحمن بلبيسي', '', 'madenah_street', '2020-09-08'),
(90, 428, '2020-05-27', 10, 10, '2020-09-13', 'بهاء الجيوسي', '', 'madenah_street', '2020-09-08'),
(91, 429, '2020-05-28', 10, 10, '2020-06-24', 'صفوه ابو زيد', '', 'madenah_street', '2020-09-08'),
(92, 430, '2020-05-28', 10, 10, '2020-06-24', 'روان العكور', '', 'madenah_street', '2020-09-08'),
(93, 431, '2020-05-28', 10, 10, '2020-06-24', 'عمار المصري', '', 'madenah_street', '2020-09-08'),
(94, 432, '2020-05-28', 10, 10, '2020-09-13', 'معتصم سرداح', '', 'madenah_street', '2020-09-08'),
(95, 433, '2020-05-28', 10, 10, '2020-09-13', 'فراس سلام', '', 'madenah_street', '2020-09-08'),
(96, 434, '2020-05-28', 10, 10, '2020-06-24', 'مؤمن رمضان', '', 'madenah_street', '2020-09-08'),
(97, 435, '2020-05-28', 10, 10, '2020-06-24', 'احمد ابو نصر', '', 'madenah_street', '2020-09-08'),
(99, 437, '2020-05-30', 10, 10, '2020-09-13', 'عبد الرحمن علي', '', 'madenah_street', '2020-09-08'),
(100, 439, '2020-05-31', 10, 10, '2020-06-24', 'بشار الهندي', '', 'madenah_street', '2020-09-08'),
(156, 1111, '2020-09-13', 10, 10, '2020-09-14', 'ساره', '0798321321', 'khalda', '2020-09-13');

-- --------------------------------------------------------

--
-- Table structure for table `mafraq`
--

CREATE TABLE `mafraq` (
  `id` int(11) NOT NULL,
  `invoice_number` int(10) NOT NULL,
  `invoice_date` date NOT NULL,
  `invoice_amm` int(10) NOT NULL,
  `ref_amm` int(10) NOT NULL,
  `ref_date` date NOT NULL,
  `customer_name` varchar(50) NOT NULL,
  `customer_phone` varchar(15) NOT NULL,
  `branch_name` varchar(20) NOT NULL,
  `created` date NOT NULL
) ENGINE=InnoDB DEFAULT CHARSET=utf8;

--
-- Dumping data for table `mafraq`
--

INSERT INTO `mafraq` (`id`, `invoice_number`, `invoice_date`, `invoice_amm`, `ref_amm`, `ref_date`, `customer_name`, `customer_phone`, `branch_name`, `created`) VALUES
(1, 1558, '2020-02-13', 30, 30, '2020-02-14', 'سلامه هزايمه', '0798362514', 'mafraq', '2020-09-05'),
(3, 8745, '2020-09-07', 10, 10, '2020-09-07', 'هشام النح', '', 'mafraq', '2020-09-07'),
(5, 7787, '2020-09-16', 10, 10, '2020-09-16', 'سعيد', '', 'mafraq', '2020-09-16');

-- --------------------------------------------------------

--
-- Table structure for table `permissions`
--

CREATE TABLE `permissions` (
  `id` int(11) NOT NULL,
  `name` varchar(50) COLLATE utf8_bin NOT NULL,
  `class` varchar(50) COLLATE utf8_bin NOT NULL
) ENGINE=InnoDB DEFAULT CHARSET=utf8 COLLATE=utf8_bin;

--
-- Dumping data for table `permissions`
--

INSERT INTO `permissions` (`id`, `name`, `class`) VALUES
(1, 'الاضافة', 'add_section'),
(2, 'التعديل', 'edit_section'),
(3, 'الحذف', 'del_section'),
(5, 'قسم المستخدمين', 'users_section'),
(6, 'قسم الاعدادات', 'settings_section'),
(17, 'قسم الزبائن', 'customers_section'),
(18, 'نفيسة المدينة', 'madenah_street'),
(19, 'نفيسة خلدا', 'khalda'),
(20, 'نفيسة الحرية', 'freedom_street'),
(21, 'نفيسة السابع', '7th'),
(22, 'نفيسة طبربور', 'tabrbor'),
(23, 'نفيسة جبل عمان', 'jabl_amman'),
(24, 'نفيسة الزرقاء', 'zarqa'),
(25, 'نفيسة المفرق', 'mafraq'),
(26, 'نفيسة اربد', 'irbid'),
(27, 'الصفحة الرئيسية', 'home_page');

-- --------------------------------------------------------

--
-- Table structure for table `roles`
--

CREATE TABLE `roles` (
  `id` int(11) NOT NULL,
  `name` varchar(20) COLLATE utf8_bin NOT NULL
) ENGINE=InnoDB DEFAULT CHARSET=utf8 COLLATE=utf8_bin;

--
-- Dumping data for table `roles`
--

INSERT INTO `roles` (`id`, `name`) VALUES
(1, 'مسؤول'),
(2, 'اداري'),
(3, 'نفيسة السابع'),
(4, 'نفيسة طبربور'),
(5, 'نفيسة خلدا');

-- --------------------------------------------------------

--
-- Table structure for table `role_perm`
--

CREATE TABLE `role_perm` (
  `id` int(11) NOT NULL,
  `role_id` int(11) NOT NULL,
  `permission_id` int(11) NOT NULL
) ENGINE=InnoDB DEFAULT CHARSET=utf8 COLLATE=utf8_bin;

--
-- Dumping data for table `role_perm`
--

INSERT INTO `role_perm` (`id`, `role_id`, `permission_id`) VALUES
(74, 1, 20),
(75, 1, 19),
(76, 1, 18),
(77, 1, 17),
(78, 1, 5),
(79, 1, 3),
(80, 1, 2),
(81, 1, 1),
(94, 1, 6),
(95, 2, 19),
(96, 2, 6),
(97, 2, 1),
(98, 1, 21),
(99, 1, 22),
(100, 1, 23),
(101, 1, 24),
(102, 1, 25),
(103, 1, 26),
(112, 1, 27),
(117, 4, 22),
(118, 4, 3),
(119, 4, 2),
(120, 4, 1),
(121, 3, 21),
(122, 3, 3),
(123, 3, 2),
(124, 3, 1),
(129, 5, 19),
(130, 5, 3),
(131, 5, 2),
(132, 5, 1);

-- --------------------------------------------------------

--
-- Table structure for table `tabrbor`
--

CREATE TABLE `tabrbor` (
  `id` int(11) NOT NULL,
  `invoice_number` int(11) NOT NULL,
  `invoice_date` date NOT NULL,
  `invoice_amm` int(11) NOT NULL,
  `ref_amm` int(11) DEFAULT NULL,
  `ref_date` date DEFAULT NULL,
  `customer_name` varchar(20) NOT NULL,
  `customer_phone` varchar(30) DEFAULT NULL,
  `branch_name` varchar(7) NOT NULL,
  `created` date NOT NULL
) ENGINE=InnoDB DEFAULT CHARSET=utf8;

--
-- Dumping data for table `tabrbor`
--

INSERT INTO `tabrbor` (`id`, `invoice_number`, `invoice_date`, `invoice_amm`, `ref_amm`, `ref_date`, `customer_name`, `customer_phone`, `branch_name`, `created`) VALUES
(1, 2243, '2020-03-05', 20, 20, '2020-06-20', 'حازم عامر', NULL, 'tabrbor', '2020-09-13'),
(2, 2244, '2020-03-05', 10, NULL, NULL, 'يوسف النشوان', NULL, 'tabrbor', '2020-09-13'),
(3, 2245, '2020-03-05', 10, 10, '2020-06-20', 'يزن المصري', NULL, 'tabrbor', '2020-09-13'),
(4, 2246, '2020-03-05', 20, 20, '2020-06-20', 'بهاء الخطيب', NULL, 'tabrbor', '2020-09-13'),
(5, 2247, '2020-03-05', 10, 10, '2020-06-20', 'زكي ابو الهوا', NULL, 'tabrbor', '2020-09-13'),
(6, 2248, '2020-03-05', 10, NULL, NULL, 'جهاد ابو شهاب', NULL, 'tabrbor', '2020-09-13'),
(7, 2249, '2020-03-06', 10, 10, '2020-06-20', 'د. انور العجارمه', NULL, 'tabrbor', '2020-09-13'),
(8, 2250, '2020-03-06', 5, NULL, NULL, 'معتز البلبيسي', NULL, 'tabrbor', '2020-09-13'),
(9, 2251, '2020-03-06', 10, 10, '2020-06-20', 'فادي الطهراوي', NULL, 'tabrbor', '2020-09-13'),
(10, 2252, '2020-03-06', 10, 10, '2020-06-20', 'سامر عبد الكريم', NULL, 'tabrbor', '2020-09-13'),
(11, 2253, '2020-03-06', 10, 10, '2020-06-20', 'محمود برهومه', NULL, 'tabrbor', '2020-09-13'),
(12, 2254, '2020-03-06', 10, 10, '2020-06-20', 'رائد هنانده', NULL, 'tabrbor', '2020-09-13'),
(13, 2255, '2020-03-06', 10, 10, '2020-06-21', 'محمد منير', NULL, 'tabrbor', '2020-09-13'),
(14, 2256, '2020-03-06', 10, 10, '2020-06-20', 'غسان سكريه', NULL, 'tabrbor', '2020-09-13'),
(15, 2257, '2020-03-06', 10, 10, '2020-06-20', 'سهم ريان', NULL, 'tabrbor', '2020-09-13'),
(16, 2258, '2020-03-06', 10, NULL, NULL, 'فؤاد زنان', NULL, 'tabrbor', '2020-09-13'),
(17, 2259, '2020-03-06', 10, NULL, NULL, 'ماجد العودات', NULL, 'tabrbor', '2020-09-13'),
(18, 2260, '2020-03-06', 10, 10, '2020-06-20', 'عمر اكرم', NULL, 'tabrbor', '2020-09-13'),
(19, 2261, '2020-03-07', 10, 10, '2020-06-20', 'فراس خريم', NULL, 'tabrbor', '2020-09-13'),
(20, 2262, '2020-03-07', 9, 9, '2020-06-20', 'محمد القرعان', NULL, 'tabrbor', '2020-09-13'),
(21, 2263, '2020-03-08', 10, 10, '2020-06-20', 'منال', NULL, 'tabrbor', '2020-09-13'),
(22, 2264, '2020-03-09', 10, 10, '2020-06-21', 'انس الغرايبه', NULL, 'tabrbor', '2020-09-13'),
(23, 2265, '2020-03-09', 10, NULL, NULL, 'هدى عوده', NULL, 'tabrbor', '2020-09-13'),
(24, 2266, '2020-03-09', 10, 10, '2020-06-20', 'عبد الله الهدبان', NULL, 'tabrbor', '2020-09-13'),
(25, 2267, '2020-03-09', 10, 10, '2020-06-20', 'ابو ابراهيم القواسمه', NULL, 'tabrbor', '2020-09-13'),
(26, 2268, '2020-03-10', 10, 10, '2020-06-21', 'عبد الوهاب الجبوري', NULL, 'tabrbor', '2020-09-13'),
(27, 2269, '2020-03-10', 10, 10, '2020-06-20', 'احمد ابراهيم', NULL, 'tabrbor', '2020-09-13'),
(28, 2270, '2020-03-10', 10, 10, '2020-06-20', 'هبه سامي', NULL, 'tabrbor', '2020-09-13'),
(29, 2271, '2020-03-11', 10, 10, '2020-06-20', 'هبه زلوم', NULL, 'tabrbor', '2020-09-13'),
(30, 2272, '2020-03-11', 10, NULL, NULL, 'عبد ابو سيف', NULL, 'tabrbor', '2020-09-13'),
(31, 2273, '2020-03-12', 10, 10, '2020-06-20', 'مؤيد قرعان', NULL, 'tabrbor', '2020-09-13'),
(32, 2274, '2020-03-12', 10, NULL, NULL, 'محمد النجار', NULL, 'tabrbor', '2020-09-13'),
(33, 2275, '2020-03-12', 10, 10, '2020-06-20', 'علي الجندي', NULL, 'tabrbor', '2020-09-13'),
(34, 2276, '2020-03-12', 10, 10, '2020-06-20', 'محمد العربي', NULL, 'tabrbor', '2020-09-13'),
(35, 2277, '2020-03-12', 20, 20, '2020-06-20', 'محمد الخزاعله', NULL, 'tabrbor', '2020-09-13'),
(36, 2278, '2020-03-13', 10, 10, '2020-06-20', 'حمزه الشلبي', NULL, 'tabrbor', '2020-09-13'),
(37, 2279, '2020-03-13', 10, NULL, NULL, 'يزن العبادي', NULL, 'tabrbor', '2020-09-13'),
(38, 2280, '2020-03-13', 30, 30, '2020-06-20', 'اكرم بشير', NULL, 'tabrbor', '2020-09-13'),
(39, 2281, '2020-03-13', 10, 10, '2020-06-20', 'انس خليل', NULL, 'tabrbor', '2020-09-13'),
(40, 2282, '2020-03-14', 10, 10, '2020-06-20', 'ليث نعيرات', NULL, 'tabrbor', '2020-09-13'),
(41, 2283, '2020-03-14', 10, 10, '2020-06-20', 'محمد مرعي', NULL, 'tabrbor', '2020-09-13'),
(42, 2284, '2020-03-14', 10, 10, '2020-06-20', 'عمر كريم', NULL, 'tabrbor', '2020-09-13'),
(43, 2285, '2020-03-15', 10, 10, '2020-06-21', 'د. اماني حمدان', NULL, 'tabrbor', '2020-09-13'),
(44, 2286, '2020-03-15', 10, 10, '2020-06-21', 'مهند عاهد', NULL, 'tabrbor', '2020-09-13'),
(45, 2287, '2020-03-15', 10, 10, '2020-06-21', 'حمزه عطيه', NULL, 'tabrbor', '2020-09-13'),
(46, 2288, '2020-03-16', 20, 20, '2020-06-21', 'احمد العموش', NULL, 'tabrbor', '2020-09-13'),
(47, 2289, '2020-03-16', 10, 10, '2020-06-21', 'مهند زريقات', NULL, 'tabrbor', '2020-09-13'),
(48, 2290, '2020-03-16', 10, NULL, NULL, 'عدي الحياري', NULL, 'tabrbor', '2020-09-13'),
(49, 2291, '2020-03-16', 10, NULL, NULL, 'حسن صدقي', NULL, 'tabrbor', '2020-09-13'),
(50, 2292, '2020-03-16', 10, 10, '2020-06-21', 'ابو هبه', NULL, 'tabrbor', '2020-09-13'),
(51, 2293, '2020-03-17', 10, NULL, NULL, 'محمد عطيه', NULL, 'tabrbor', '2020-09-13'),
(52, 2294, '2020-03-18', 10, NULL, NULL, 'ابو عامر وادي', NULL, 'tabrbor', '2020-09-13'),
(53, 2295, '2020-03-18', 20, 20, '2020-06-21', 'عمر الصمادي', NULL, 'tabrbor', '2020-09-13'),
(54, 2296, '2020-03-19', 10, NULL, NULL, 'محمد مراد', NULL, 'tabrbor', '2020-09-13'),
(55, 2297, '2020-03-19', 20, 20, '2020-06-21', 'علي الحوامده', NULL, 'tabrbor', '2020-09-13'),
(56, 2298, '2020-03-19', 20, 20, '2020-06-24', 'وليد مكحل', NULL, 'tabrbor', '2020-09-13'),
(57, 2299, '2020-03-20', 10, 10, '2020-06-21', 'سعاده جاد الله', NULL, 'tabrbor', '2020-09-13'),
(58, 2300, '2020-04-29', 10, 10, '2020-06-23', 'ابو صلاح', NULL, 'tabrbor', '2020-09-13'),
(59, 2301, '2020-04-29', 10, 10, '2020-06-23', 'محمد القصاب', NULL, 'tabrbor', '2020-09-13'),
(60, 2302, '2020-04-30', 20, 20, '2020-06-23', 'عمار ابو طوق', NULL, 'tabrbor', '2020-09-13'),
(61, 2303, '2020-05-02', 10, 10, '2020-06-23', 'مؤتمن الحياري', NULL, 'tabrbor', '2020-09-13'),
(62, 2304, '2020-05-04', 10, NULL, NULL, 'عبد القادر الاقرع', NULL, 'tabrbor', '2020-09-13'),
(63, 2305, '2020-05-04', 10, 10, '2020-06-23', 'صهيب', NULL, 'tabrbor', '2020-09-13'),
(64, 2306, '2020-05-04', 10, NULL, NULL, 'امال الخطيب', NULL, 'tabrbor', '2020-09-13'),
(65, 2308, '2020-05-06', 10, 10, '2020-06-23', 'محمد المحسيري', NULL, 'tabrbor', '2020-09-13'),
(66, 2307, '2020-05-07', 10, NULL, NULL, 'عمر عبد الله', NULL, 'tabrbor', '2020-09-13'),
(67, 2309, '2020-05-07', 10, 10, '2020-06-23', 'وائل ابو نعمه', NULL, 'tabrbor', '2020-09-13'),
(68, 2310, '2020-05-07', 10, 10, '2020-06-23', 'لؤي قرعيش', NULL, 'tabrbor', '2020-09-13'),
(69, 2311, '2020-05-10', 10, 10, '2020-06-23', 'ام ريان الهدبان', NULL, 'tabrbor', '2020-09-13'),
(70, 2312, '2020-05-10', 10, 10, '2020-06-23', 'محمد بغيش', NULL, 'tabrbor', '2020-09-13'),
(71, 2313, '2020-05-11', 10, NULL, NULL, 'زهدي دعاس', NULL, 'tabrbor', '2020-09-13'),
(72, 2314, '2020-05-11', 10, 10, '2020-06-23', 'محمد العربي', NULL, 'tabrbor', '2020-09-13'),
(73, 2315, '2020-05-13', 10, NULL, NULL, 'احمد الذيب', NULL, 'tabrbor', '2020-09-13'),
(74, 2316, '2020-05-13', 10, 10, '2020-06-23', 'ياسر قنايا', NULL, 'tabrbor', '2020-09-13'),
(75, 2317, '2020-05-13', 10, 10, '2020-06-23', 'محمد صالح', NULL, 'tabrbor', '2020-09-13'),
(76, 2318, '2020-05-13', 10, 10, '2020-06-23', 'بدر احمد ابو جسار', NULL, 'tabrbor', '2020-09-13'),
(77, 2319, '2020-05-14', 10, 10, '2020-06-23', 'انس العدوان', NULL, 'tabrbor', '2020-09-13'),
(78, 2320, '2020-05-14', 10, 10, '2020-06-23', 'جهاد يوسف', NULL, 'tabrbor', '2020-09-13'),
(79, 2321, '2020-05-14', 20, 20, '2020-06-23', 'محمد فلاح', NULL, 'tabrbor', '2020-09-13'),
(80, 2322, '2020-05-14', 10, 10, '2020-06-23', 'حسام ابو هدهود', NULL, 'tabrbor', '2020-09-13'),
(81, 2323, '2020-05-14', 10, 10, '2020-06-23', 'منذر الرفاعي', NULL, 'tabrbor', '2020-09-13'),
(82, 2324, '2020-05-16', 10, 10, '2020-06-23', 'يوسف البداوي', NULL, 'tabrbor', '2020-09-13'),
(83, 2325, '2020-05-16', 0, NULL, NULL, 'ملغي', NULL, 'tabrbor', '2020-09-13'),
(84, 2326, '2020-05-16', 10, NULL, NULL, 'محمد ابو طوق', NULL, 'tabrbor', '2020-09-13'),
(85, 2327, '2020-05-18', 6, 6, '2020-06-23', 'عبد الله العتوم', NULL, 'tabrbor', '2020-09-13'),
(86, 2328, '2020-05-19', 10, 10, '2020-06-23', 'معاذ صالح', NULL, 'tabrbor', '2020-09-13'),
(87, 2329, '2020-05-20', 0, NULL, NULL, 'ملغي', NULL, 'tabrbor', '2020-09-13'),
(88, 2330, '2020-05-20', 10, 10, '2020-06-24', 'احمد فتحي', NULL, 'tabrbor', '2020-09-13'),
(89, 2331, '2020-05-20', 10, 10, '2020-06-24', 'خالد الفاخوري', NULL, 'tabrbor', '2020-09-13'),
(90, 2332, '2020-05-20', 10, NULL, NULL, 'حسين القاضي', NULL, 'tabrbor', '2020-09-13'),
(91, 2333, '2020-05-20', 10, NULL, NULL, 'انور ابو علي', NULL, 'tabrbor', '2020-09-13'),
(92, 2334, '2020-05-20', 10, 10, '2020-06-24', 'قصي المجالي', NULL, 'tabrbor', '2020-09-13'),
(93, 2335, '2020-05-25', 10, 10, '2020-06-24', 'احمد قاسم', NULL, 'tabrbor', '2020-09-13'),
(94, 2336, '2020-05-25', 20, 20, '2020-06-24', 'خالد بدريه', NULL, 'tabrbor', '2020-09-13'),
(95, 2337, '2020-05-25', 0, NULL, NULL, 'ملغي', NULL, 'tabrbor', '2020-09-13'),
(96, 2338, '2020-05-26', 20, 20, '2020-06-24', 'معتز الشوبكي', NULL, 'tabrbor', '2020-09-13'),
(97, 2339, '2020-05-26', 10, 10, '2020-06-24', 'سيف الزبون', NULL, 'tabrbor', '2020-09-13'),
(98, 2340, '2020-05-27', 20, 20, '2020-06-24', 'عبد الله الملكاوي', NULL, 'tabrbor', '2020-09-13'),
(99, 2341, '2020-05-28', 10, 10, '2020-06-24', 'عماد المغربي', NULL, 'tabrbor', '2020-09-13'),
(100, 2342, '2020-05-28', 10, NULL, NULL, 'محمود عمران', NULL, 'tabrbor', '2020-09-13'),
(101, 2343, '2020-05-28', 40, 40, '2020-06-24', 'محمد ضراغمه', NULL, 'tabrbor', '2020-09-13'),
(102, 2344, '2020-05-28', 10, 10, '2020-06-24', 'محمد الغزو', NULL, 'tabrbor', '2020-09-13'),
(103, 2345, '2020-05-30', 20, 20, '2020-06-24', 'فراس البرادعي', NULL, 'tabrbor', '2020-09-13'),
(104, 2346, '2020-05-31', 20, 20, '2020-06-24', 'احمد المومني', NULL, 'tabrbor', '2020-09-13'),
(105, 2347, '2020-05-31', 20, NULL, NULL, 'ابو مؤمن', NULL, 'tabrbor', '2020-09-13'),
(106, 2348, '2020-05-31', 10, NULL, NULL, 'فهد النحلاوي', NULL, 'tabrbor', '2020-09-13'),
(107, 2349, '2020-06-01', 10, NULL, NULL, 'حسن العسيلي', NULL, 'tabrbor', '2020-09-13'),
(108, 2350, '2020-06-01', 20, NULL, NULL, 'محمود الطيب', NULL, 'tabrbor', '2020-09-13'),
(109, 2551, '2020-06-02', 20, NULL, NULL, 'الجيش العربي', NULL, 'tabrbor', '2020-09-13'),
(110, 2552, '2020-06-02', 10, NULL, NULL, 'حمزه داهود', NULL, 'tabrbor', '2020-09-13'),
(111, 2553, '2020-06-03', 10, NULL, NULL, 'محمد البلوش', NULL, 'tabrbor', '2020-09-13'),
(112, 2554, '2020-06-03', 10, NULL, NULL, 'احمد المعايطه', NULL, 'tabrbor', '2020-09-13'),
(113, 2555, '2020-06-03', 20, NULL, NULL, 'انس ابو شاشه', NULL, 'tabrbor', '2020-09-13'),
(114, 2556, '2020-06-03', 10, NULL, NULL, 'كمال حمصه', NULL, 'tabrbor', '2020-09-13'),
(115, 2557, '2020-06-03', 10, NULL, NULL, 'حسن الابراهيم', NULL, 'tabrbor', '2020-09-13'),
(116, 2558, '2020-06-03', 10, NULL, NULL, 'محمد النمروطي', NULL, 'tabrbor', '2020-09-13'),
(117, 2559, '2020-06-04', 10, NULL, NULL, 'محمد ربابعه', NULL, 'tabrbor', '2020-09-13'),
(118, 2560, '2020-06-04', 10, NULL, NULL, 'م. محمد امين', NULL, 'tabrbor', '2020-09-13'),
(119, 2561, '2020-06-06', 20, NULL, NULL, 'هاني الهندي', NULL, 'tabrbor', '2020-09-13'),
(120, 2562, '2020-06-06', 20, NULL, NULL, 'يوسف النجار', NULL, 'tabrbor', '2020-09-13'),
(121, 2563, '2020-06-06', 20, NULL, NULL, 'محمد عبد المجيد', NULL, 'tabrbor', '2020-09-13'),
(122, 2564, '2020-06-06', 10, NULL, NULL, 'احمد الحايك', NULL, 'tabrbor', '2020-09-13'),
(123, 2565, '2020-06-06', 30, NULL, NULL, 'محمد العمرو', NULL, 'tabrbor', '2020-09-13'),
(124, 2566, '2020-06-06', 10, NULL, NULL, 'عماد الزغايبه', NULL, 'tabrbor', '2020-09-13'),
(125, 2567, '2020-06-06', 10, NULL, NULL, 'عمر مسعود', NULL, 'tabrbor', '2020-09-13'),
(126, 2568, '2020-06-07', 10, NULL, NULL, 'مشعل عجارمه', NULL, 'tabrbor', '2020-09-13'),
(127, 2569, '2020-06-07', 10, NULL, NULL, 'صدام حسين', NULL, 'tabrbor', '2020-09-13'),
(128, 2570, '2020-06-07', 10, NULL, NULL, 'ناصر شاهين', NULL, 'tabrbor', '2020-09-13'),
(129, 2571, '2020-06-07', 10, NULL, NULL, 'عبد السلام', NULL, 'tabrbor', '2020-09-13'),
(130, 2572, '2020-06-07', 10, NULL, NULL, 'امجد', NULL, 'tabrbor', '2020-09-13'),
(131, 2573, '2020-06-07', 10, NULL, NULL, 'زياد الفرود', NULL, 'tabrbor', '2020-09-13'),
(132, 2574, '2020-06-08', 10, NULL, NULL, 'بلال محمد', NULL, 'tabrbor', '2020-09-13'),
(133, 2575, '2020-06-08', 10, NULL, NULL, 'ادهم ابو ساره', NULL, 'tabrbor', '2020-09-13'),
(134, 2576, '2020-06-08', 20, NULL, NULL, 'محمود خماش', NULL, 'tabrbor', '2020-09-13'),
(135, 2577, '2020-06-08', 10, NULL, NULL, 'رامي الحوراني', NULL, 'tabrbor', '2020-09-13'),
(136, 2578, '2020-06-08', 10, NULL, NULL, 'فارس محمد', NULL, 'tabrbor', '2020-09-13'),
(137, 2579, '2020-06-08', 5, NULL, NULL, 'احمد احمد العجلوني', NULL, 'tabrbor', '2020-09-13'),
(138, 2580, '2020-06-09', 10, NULL, NULL, 'هيثم العبادي', NULL, 'tabrbor', '2020-09-13'),
(139, 2581, '2020-06-09', 20, NULL, NULL, 'يوسف اسعد', NULL, 'tabrbor', '2020-09-13'),
(140, 2582, '2020-06-09', 10, NULL, NULL, 'جهاد الغانم', NULL, 'tabrbor', '2020-09-13'),
(141, 2583, '2020-06-09', 10, NULL, NULL, 'محمد زمزم', NULL, 'tabrbor', '2020-09-13'),
(142, 2584, '2020-06-09', 10, NULL, NULL, 'زيد القريوطي', NULL, 'tabrbor', '2020-09-13'),
(143, 2585, '2020-06-10', 20, NULL, NULL, 'ليث الخلايله', NULL, 'tabrbor', '2020-09-13'),
(144, 2586, '2020-06-10', 40, NULL, NULL, 'عدنان محمد الغزاوي', NULL, 'tabrbor', '2020-09-13'),
(145, 2587, '2020-06-10', 10, NULL, NULL, 'عمار الشيخ', NULL, 'tabrbor', '2020-09-13'),
(146, 2588, '2020-06-10', 20, NULL, NULL, 'سامر الافغاني', NULL, 'tabrbor', '2020-09-13'),
(147, 2589, '2020-06-10', 10, NULL, NULL, 'محمد السيد', NULL, 'tabrbor', '2020-09-13'),
(148, 2590, '2020-06-10', 10, NULL, NULL, 'تامر جواد', NULL, 'tabrbor', '2020-09-13'),
(149, 2591, '2020-06-10', 20, NULL, NULL, 'د. وصفي السلعوس', NULL, 'tabrbor', '2020-09-13'),
(150, 2592, '2020-06-10', 20, NULL, NULL, 'هاني عريف', NULL, 'tabrbor', '2020-09-13'),
(151, 2593, '2020-06-10', 10, NULL, NULL, 'يوسف اسعد سعيد', NULL, 'tabrbor', '2020-09-13'),
(152, 2594, '2020-06-11', 20, NULL, NULL, 'نبيه نصيرات', NULL, 'tabrbor', '2020-09-13'),
(153, 2595, '2020-06-11', 10, NULL, NULL, 'عاصم الشوبكي', NULL, 'tabrbor', '2020-09-13'),
(154, 2596, '2020-06-11', 10, NULL, NULL, 'فادي حسنات', NULL, 'tabrbor', '2020-09-13'),
(155, 2598, '2020-06-11', 10, NULL, NULL, 'يوسف خميس', NULL, 'tabrbor', '2020-09-13'),
(156, 2597, '2020-06-12', 10, NULL, NULL, 'امجد بدوي', NULL, 'tabrbor', '2020-09-13'),
(157, 2599, '2020-06-12', 10, NULL, NULL, 'ياسين محمد ياسين', NULL, 'tabrbor', '2020-09-13'),
(158, 2600, '2020-06-12', 10, NULL, NULL, 'رفيق الهندي', NULL, 'tabrbor', '2020-09-13'),
(159, 2601, '2020-06-12', 10, NULL, NULL, 'فراس ياسين', NULL, 'tabrbor', '2020-09-13'),
(160, 2602, '2020-06-12', 10, NULL, NULL, 'عماد حسان', NULL, 'tabrbor', '2020-09-13'),
(161, 2603, '2020-06-12', 20, NULL, NULL, 'ابو خالد الشوبكي', NULL, 'tabrbor', '2020-09-13'),
(162, 2604, '2020-06-12', 10, NULL, NULL, 'ميساء عياش', NULL, 'tabrbor', '2020-09-13'),
(163, 2605, '2020-06-12', 10, NULL, NULL, 'احمد علي', NULL, 'tabrbor', '2020-09-13'),
(164, 2606, '2020-06-12', 10, NULL, NULL, 'محمد العطار', NULL, 'tabrbor', '2020-09-13'),
(165, 2607, '2020-06-12', 10, NULL, NULL, 'محمد ابو دريع', NULL, 'tabrbor', '2020-09-13'),
(166, 2610, '2020-06-13', 20, NULL, NULL, 'جمال مرجانه', NULL, 'tabrbor', '2020-09-13'),
(167, 2611, '2020-06-13', 20, NULL, NULL, 'محمد القاسم', NULL, 'tabrbor', '2020-09-13'),
(168, 2612, '2020-06-13', 10, NULL, NULL, 'رانيا العرواني', NULL, 'tabrbor', '2020-09-13'),
(169, 2613, '2020-06-13', 20, NULL, NULL, 'فارس خريسات', NULL, 'tabrbor', '2020-09-13'),
(170, 2614, '2020-06-13', 10, NULL, NULL, 'سعيد العبادي', NULL, 'tabrbor', '2020-09-13'),
(171, 2615, '2020-06-13', 10, NULL, NULL, 'سناء ابو حليمه', NULL, 'tabrbor', '2020-09-13'),
(172, 2616, '2020-06-13', 10, NULL, NULL, 'عبد الوهاب القدوم', NULL, 'tabrbor', '2020-09-13'),
(173, 2617, '2020-06-13', 20, NULL, NULL, 'عطا توفيق', NULL, 'tabrbor', '2020-09-13'),
(174, 2608, '2020-06-14', 20, NULL, NULL, 'بسام رجائي', NULL, 'tabrbor', '2020-09-13'),
(175, 2609, '2020-06-14', 20, NULL, NULL, 'مهند محمود', NULL, 'tabrbor', '2020-09-13'),
(176, 2618, '2020-06-14', 10, NULL, NULL, 'احمد عليان', NULL, 'tabrbor', '2020-09-13'),
(177, 2619, '2020-06-15', 20, NULL, NULL, 'يزن العبادي', NULL, 'tabrbor', '2020-09-13'),
(178, 2620, '2020-06-15', 25, NULL, NULL, 'ام ورد', NULL, 'tabrbor', '2020-09-13'),
(179, 2621, '2020-06-15', 10, NULL, NULL, 'وليد حلوش', NULL, 'tabrbor', '2020-09-13'),
(180, 2622, '2020-06-15', 10, NULL, NULL, 'بركات بقلس', NULL, 'tabrbor', '2020-09-13'),
(182, 2624, '2020-06-15', 10, 10, '2020-09-13', 'عمار طوق', NULL, 'tabrbor', '2020-09-13'),
(183, 2625, '2020-06-15', 10, 10, '2020-09-13', 'د. ابراهيم ابو حسن', NULL, 'tabrbor', '2020-09-13');

-- --------------------------------------------------------

--
-- Table structure for table `users`
--

CREATE TABLE `users` (
  `id` int(11) NOT NULL,
  `full_name` varchar(100) COLLATE utf8_bin NOT NULL,
  `phone` varchar(15) COLLATE utf8_bin NOT NULL,
  `email` varchar(50) COLLATE utf8_bin NOT NULL,
  `image` varchar(50) COLLATE utf8_bin NOT NULL,
  `role_id` int(11) NOT NULL,
  `password` varchar(50) COLLATE utf8_bin NOT NULL,
  `created` date NOT NULL
) ENGINE=InnoDB DEFAULT CHARSET=utf8 COLLATE=utf8_bin;

--
-- Dumping data for table `users`
--

INSERT INTO `users` (`id`, `full_name`, `phone`, `email`, `image`, `role_id`, `password`, `created`) VALUES
(18, 'علاء صوافطة', '0795702422', 'sawaftha@gmail.com', '', 1, 'vo/ryfnCEB/Kw', '2020-09-08'),
(19, 'أمجد أبو رمان', '0777364424', 'mahmud.safi@gmail.com', '', 1, 'voiuuL.29rSWk', '2021-01-11'),
(20, 'كاش السابع', '307', 's@gmail.com', '', 3, 'vo/ryfnCEB/Kw', '2020-09-16'),
(22, 'وسيم الخضري', '306', 'khald@test.com', '', 5, 'vo/ryfnCEB/Kw', '2020-10-08');

-- --------------------------------------------------------

--
-- Table structure for table `zarqa`
--

CREATE TABLE `zarqa` (
  `id` int(11) NOT NULL,
  `invoice_number` int(11) NOT NULL,
  `invoice_date` date NOT NULL,
  `invoice_amm` int(11) NOT NULL,
  `ref_amm` int(11) DEFAULT NULL,
  `ref_date` date DEFAULT NULL,
  `customer_name` varchar(20) NOT NULL,
  `customer_phone` varchar(30) DEFAULT NULL,
  `branch_name` varchar(7) NOT NULL,
  `created` date NOT NULL
) ENGINE=InnoDB DEFAULT CHARSET=utf8;

--
-- Dumping data for table `zarqa`
--

INSERT INTO `zarqa` (`id`, `invoice_number`, `invoice_date`, `invoice_amm`, `ref_amm`, `ref_date`, `customer_name`, `customer_phone`, `branch_name`, `created`) VALUES
(1, 3369, '2020-03-02', 10, 10, '2020-06-23', 'ايهاب الزيود', NULL, 'zarqa', '2020-09-13'),
(2, 3370, '2020-03-02', 10, 10, '2020-06-20', 'شريف الخوالده', NULL, 'zarqa', '2020-09-13'),
(3, 3371, '2020-03-02', 10, 10, '2020-06-20', 'عمر سلمان', NULL, 'zarqa', '2020-09-13'),
(4, 3372, '2020-03-03', 10, 10, '2020-06-20', 'كتيبه العارضي', NULL, 'zarqa', '2020-09-13'),
(5, 3373, '2020-03-04', 10, 10, '2020-06-20', 'محمد استيتيه', NULL, 'zarqa', '2020-09-13'),
(6, 3374, '2020-03-04', 10, 10, '2020-06-20', 'دخيل المشاقبه', NULL, 'zarqa', '2020-09-13'),
(7, 3375, '2020-03-05', 10, 10, '2020-06-20', 'احمد جمال', NULL, 'zarqa', '2020-09-13'),
(8, 3376, '2020-03-05', 10, 10, '2020-06-20', 'ابو اشرف الصمادي', NULL, 'zarqa', '2020-09-13'),
(9, 3377, '2020-03-05', 10, 10, '2020-06-20', 'محمد خليل', NULL, 'zarqa', '2020-09-13'),
(10, 3378, '2020-03-05', 10, 10, '2020-06-20', 'معاذ روبين', NULL, 'zarqa', '2020-09-13'),
(11, 3379, '2020-03-05', 10, 10, '2020-06-20', 'احمد البرغوثي', NULL, 'zarqa', '2020-09-13'),
(12, 3380, '2020-03-05', 10, 10, '2020-06-20', 'محمود الرواشده', NULL, 'zarqa', '2020-09-13'),
(13, 3381, '2020-03-05', 10, 10, '2020-06-20', 'فادي الحجاوي', NULL, 'zarqa', '2020-09-13'),
(14, 3382, '2020-03-06', 10, NULL, NULL, 'زيد ابو يحيى', NULL, 'zarqa', '2020-09-13'),
(15, 3383, '2020-03-06', 10, 10, '2020-06-20', 'محمد البوريني', NULL, 'zarqa', '2020-09-13'),
(16, 3384, '2020-03-06', 10, 10, '2020-06-20', 'عماد جاد الله', NULL, 'zarqa', '2020-09-13'),
(17, 3385, '2020-03-06', 10, 10, '2020-06-20', 'الرائد نعيم', NULL, 'zarqa', '2020-09-13'),
(18, 3386, '2020-03-06', 10, 10, '2020-06-20', 'محمد شوقي', NULL, 'zarqa', '2020-09-13'),
(19, 3387, '2020-03-06', 10, 10, '2020-06-20', 'رشيد الجمزاوي', NULL, 'zarqa', '2020-09-13'),
(20, 3388, '2020-03-06', 10, 10, '2020-06-20', 'عدنان زكارنه', NULL, 'zarqa', '2020-09-13'),
(21, 3389, '2020-03-06', 10, 10, '2020-06-20', 'اشرف عبد الله', NULL, 'zarqa', '2020-09-13'),
(22, 3390, '2020-03-06', 10, 10, '2020-06-20', 'كيان ابو غزاله', NULL, 'zarqa', '2020-09-13'),
(23, 3391, '2020-03-06', 10, 10, '2020-06-20', 'محمد احمد بدر', NULL, 'zarqa', '2020-09-13'),
(24, 3392, '2020-03-06', 10, 10, '2020-06-21', 'ليث العسل', NULL, 'zarqa', '2020-09-13'),
(25, 3393, '2020-03-06', 10, 10, '2020-06-20', 'علي عبد الرحمن', NULL, 'zarqa', '2020-09-13'),
(26, 3394, '2020-03-07', 10, 10, '2020-06-20', 'عمر الغويري', NULL, 'zarqa', '2020-09-13'),
(27, 3395, '2020-03-07', 10, 10, '2020-06-20', 'منذر الشرعه', NULL, 'zarqa', '2020-09-13'),
(28, 3396, '2020-03-07', 10, 10, '2020-06-20', 'اسماعيل عبيدات', NULL, 'zarqa', '2020-09-13'),
(29, 3397, '2020-03-07', 10, 10, '2020-06-20', 'معن الراشد', NULL, 'zarqa', '2020-09-13'),
(30, 3398, '2020-03-08', 10, 10, '2020-06-20', 'موسى ابو قوش', NULL, 'zarqa', '2020-09-13'),
(31, 3399, '2020-03-08', 10, 10, '2020-06-20', 'هيثم عادل', NULL, 'zarqa', '2020-09-13'),
(32, 3400, '2020-03-08', 40, 40, '2020-06-20', 'غالب الخوالده', NULL, 'zarqa', '2020-09-13'),
(33, 3401, '2020-03-08', 10, NULL, NULL, 'محمد المغربي', NULL, 'zarqa', '2020-09-13'),
(34, 3402, '2020-03-09', 10, 10, '2020-06-20', 'دلال العنزي', NULL, 'zarqa', '2020-09-13'),
(35, 3403, '2020-03-09', 20, 20, '2020-06-20', 'كرم الوديان', NULL, 'zarqa', '2020-09-13'),
(36, 3404, '2020-03-09', 10, 10, '2020-06-20', 'صهيب احمد', NULL, 'zarqa', '2020-09-13'),
(37, 3405, '2020-03-09', 20, 20, '2020-06-20', 'عبد الرحمن ابو زيد', NULL, 'zarqa', '2020-09-13'),
(38, 3406, '2020-03-09', 10, 10, '2020-06-20', 'انس عمر', NULL, 'zarqa', '2020-09-13'),
(39, 3407, '2020-03-09', 10, 10, '2020-06-21', 'عبد الرحمن الجعبري', NULL, 'zarqa', '2020-09-13'),
(40, 3408, '2020-03-10', 10, 10, '2020-06-20', 'منى فايز', NULL, 'zarqa', '2020-09-13'),
(41, 3409, '2020-03-10', 10, 10, '2020-06-20', 'ابو حاتم المشاقبه', NULL, 'zarqa', '2020-09-13'),
(42, 3410, '2020-03-10', 10, 10, '2020-06-20', 'عصام عويص', NULL, 'zarqa', '2020-09-13'),
(43, 3411, '2020-03-12', 20, 20, '2020-06-20', 'حسام الخطيب', NULL, 'zarqa', '2020-09-13'),
(44, 3412, '2020-03-12', 0, NULL, NULL, 'ملغي', NULL, 'zarqa', '2020-09-13'),
(45, 3413, '2020-03-12', 10, 10, '2020-06-20', 'تيسير المشاقبه', NULL, 'zarqa', '2020-09-13'),
(46, 3414, '2020-03-12', 10, 10, '2020-06-20', 'فتحي العتوم', NULL, 'zarqa', '2020-09-13'),
(47, 3415, '2020-03-12', 10, 10, '2020-06-20', 'بهاء القاضي', NULL, 'zarqa', '2020-09-13'),
(48, 3416, '2020-03-12', 20, 20, '2020-06-20', 'محمد ابو جارور', NULL, 'zarqa', '2020-09-13'),
(49, 3417, '2020-03-13', 10, 10, '2020-06-20', 'عبد الله القريوتي', NULL, 'zarqa', '2020-09-13'),
(50, 3418, '2020-02-13', 10, NULL, NULL, 'بلال المشاقبه', NULL, 'zarqa', '2020-09-13'),
(51, 3419, '2020-01-13', 10, 10, '2020-06-21', 'علي ابراهيم ابو صافي', NULL, 'zarqa', '2020-09-13'),
(52, 3420, '2019-12-13', 10, 10, '2020-06-20', 'اسماعيل ابو هويدي', NULL, 'zarqa', '2020-09-13'),
(53, 3421, '2019-11-13', 10, 10, '2020-06-21', 'عمران البكستاني', NULL, 'zarqa', '2020-09-13'),
(54, 3422, '2019-10-13', 10, 10, '2020-06-20', 'عصام عويص', NULL, 'zarqa', '2020-09-13'),
(55, 3423, '2020-03-14', 10, 10, '2020-06-20', 'احمد ابو ديه', NULL, 'zarqa', '2020-09-13'),
(56, 3424, '2020-03-14', 10, 10, '2020-06-20', 'ايمن زيان', NULL, 'zarqa', '2020-09-13'),
(57, 3425, '2020-03-14', 10, 10, '2020-06-21', 'جاد الله محمد', NULL, 'zarqa', '2020-09-13'),
(58, 3426, '2020-03-14', 10, 10, '2020-06-20', 'احمد ابو طافش', NULL, 'zarqa', '2020-09-13'),
(59, 3427, '2020-03-14', 10, 10, '2020-06-21', 'محمد ابو غنيم', NULL, 'zarqa', '2020-09-13'),
(60, 3428, '2020-03-15', 10, 10, '2020-06-20', 'وصفي حمارنه', NULL, 'zarqa', '2020-09-13'),
(61, 3429, '2020-03-15', 10, 10, '2020-06-22', 'شادي قرزون', NULL, 'zarqa', '2020-09-13'),
(62, 3430, '2020-03-15', 10, 10, '2020-06-20', 'صالح فليفل', NULL, 'zarqa', '2020-09-13'),
(63, 3431, '2020-03-15', 10, NULL, NULL, 'محمد حسام', NULL, 'zarqa', '2020-09-13'),
(64, 3432, '2020-03-16', 10, 10, '2020-06-21', 'عبد الاله محمد', NULL, 'zarqa', '2020-09-13'),
(65, 3433, '2020-03-16', 10, NULL, NULL, 'محمد الجعبري', NULL, 'zarqa', '2020-09-13'),
(66, 3434, '2020-03-16', 10, 10, '2020-06-21', 'زياد لطفي بسيوني', NULL, 'zarqa', '2020-09-13'),
(67, 3435, '2020-03-16', 10, 10, '2020-06-21', 'محمد حنتش', NULL, 'zarqa', '2020-09-13'),
(68, 3436, '2020-03-17', 10, 10, '2020-06-21', 'جمال المشاقبه', NULL, 'zarqa', '2020-09-13'),
(69, 3437, '2020-03-18', 10, 10, '2020-06-21', 'معاذ جالودي', NULL, 'zarqa', '2020-09-13'),
(70, 3438, '2020-03-18', 10, 10, '2020-06-21', 'محمود الملكاوي', NULL, 'zarqa', '2020-09-13'),
(71, 3439, '2020-03-19', 10, NULL, NULL, 'معتز كامل', NULL, 'zarqa', '2020-09-13'),
(72, 3440, '2020-03-20', 10, 10, '2020-06-22', 'ماجد العموش', NULL, 'zarqa', '2020-09-13'),
(73, 3441, '2020-04-27', 10, 10, '2020-06-22', 'ابو علي', NULL, 'zarqa', '2020-09-13'),
(74, 3442, '2020-04-27', 10, 10, '2020-06-22', 'انس يوسف المومني', NULL, 'zarqa', '2020-09-13'),
(75, 3443, '2020-04-27', 10, 10, '2020-06-22', 'ابو علي', NULL, 'zarqa', '2020-09-13'),
(76, 3444, '2020-04-28', 10, 10, '2020-06-23', 'علي شريتح', NULL, 'zarqa', '2020-09-13'),
(77, 3445, '2020-04-28', 20, 20, '2020-06-22', 'فواز ابو سوري', NULL, 'zarqa', '2020-09-13'),
(78, 3446, '2020-04-28', 10, 10, '2020-06-23', 'مجموعه حرس الشرف', NULL, 'zarqa', '2020-09-13'),
(79, 3447, '2020-04-29', 10, 10, '2020-06-23', 'علاء الدين صالح', NULL, 'zarqa', '2020-09-13'),
(80, 3448, '2020-04-29', 10, 10, '2020-06-23', 'احمد ربابعه', NULL, 'zarqa', '2020-09-13'),
(81, 3449, '2020-04-29', 10, 10, '2020-06-22', 'نضال ضمره', NULL, 'zarqa', '2020-09-13'),
(82, 3450, '2020-04-30', 20, 20, '2020-06-23', 'احمد جمس', NULL, 'zarqa', '2020-09-13'),
(83, 3451, '2020-04-30', 10, 10, '2020-06-23', 'اشرف الحموي', NULL, 'zarqa', '2020-09-13'),
(84, 3452, '2020-04-30', 10, 10, '2020-06-23', 'ابراهيم الساحوري', NULL, 'zarqa', '2020-09-13'),
(85, 3453, '2020-05-02', 10, 10, '2020-06-23', 'ابو علي', NULL, 'zarqa', '2020-09-13'),
(86, 3454, '2020-05-02', 10, 10, '2020-06-23', 'عبد الرحمن ابو المعت', NULL, 'zarqa', '2020-09-13'),
(87, 3455, '2020-05-03', 10, 10, '2020-06-23', 'علي سبون', NULL, 'zarqa', '2020-09-13'),
(88, 3456, '2020-05-03', 10, 10, '2020-06-23', 'علاء بني سلامه', NULL, 'zarqa', '2020-09-13'),
(89, 3457, '2020-05-04', 10, 10, '2020-06-24', 'ليث عرار', NULL, 'zarqa', '2020-09-13'),
(90, 3458, '2020-05-04', 10, NULL, NULL, 'رامي عمر', NULL, 'zarqa', '2020-09-13'),
(91, 3459, '2020-05-04', 10, 10, '2020-06-23', 'اكثم ابو عاصي', NULL, 'zarqa', '2020-09-13'),
(92, 3460, '2020-05-06', 10, 10, '2020-06-23', 'احمد عقرباوي', NULL, 'zarqa', '2020-09-13'),
(93, 3461, '2020-05-06', 10, 10, '2020-06-23', 'علاء بني سلامه', NULL, 'zarqa', '2020-09-13'),
(94, 3462, '2020-05-06', 10, 10, '2020-06-23', 'يزن محاميد', NULL, 'zarqa', '2020-09-13'),
(95, 3463, '2020-05-06', 10, 10, '2020-06-23', 'سلطان الحيان', NULL, 'zarqa', '2020-09-13'),
(96, 3464, '2020-05-07', 30, 30, '2020-06-23', 'محمد ابو رمان', NULL, 'zarqa', '2020-09-13'),
(97, 3465, '2020-05-07', 10, 10, '2020-06-23', 'عبد الرحمن محمود', NULL, 'zarqa', '2020-09-13'),
(98, 3466, '2020-05-07', 10, 10, '2020-06-23', 'منى نوفل', NULL, 'zarqa', '2020-09-13'),
(99, 3467, '2020-05-09', 10, 10, '2020-06-23', 'عمر عطريني', NULL, 'zarqa', '2020-09-13'),
(100, 3468, '2020-05-09', 20, 20, '2020-06-23', 'ابو خالد العلاونه', NULL, 'zarqa', '2020-09-13'),
(101, 3469, '2020-05-09', 10, 10, '2020-06-23', 'صادق ناصر', NULL, 'zarqa', '2020-09-13'),
(102, 3470, '2020-05-10', 10, 10, '2020-06-23', 'عمر الروسان', NULL, 'zarqa', '2020-09-13'),
(103, 3471, '2020-05-10', 10, 10, '2020-06-23', 'معتصم عرفات', NULL, 'zarqa', '2020-09-13'),
(104, 3472, '2020-05-10', 10, 10, '2020-06-23', 'محمود نائل', NULL, 'zarqa', '2020-09-13'),
(105, 3473, '2020-05-10', 10, 10, '2020-06-23', 'عبد الله جوده', NULL, 'zarqa', '2020-09-13'),
(106, 3474, '2020-05-12', 10, NULL, NULL, 'احمد صالحه', NULL, 'zarqa', '2020-09-13'),
(107, 3475, '2020-05-12', 10, NULL, NULL, 'هدى عوده', NULL, 'zarqa', '2020-09-13'),
(108, 3476, '2020-05-13', 10, 10, '2020-06-23', 'يوسف العاف', NULL, 'zarqa', '2020-09-13'),
(109, 3477, '2020-05-13', 10, 10, '2020-06-23', 'صيدليه الاسره', NULL, 'zarqa', '2020-09-13'),
(110, 3478, '2020-05-13', 10, 10, '2020-06-23', 'بدون اسم', NULL, 'zarqa', '2020-09-13'),
(111, 3479, '2020-05-14', 10, NULL, NULL, 'يوسف ابو ديه', NULL, 'zarqa', '2020-09-13'),
(112, 3480, '2020-05-14', 10, NULL, NULL, 'حسين الكسواني', NULL, 'zarqa', '2020-09-13'),
(113, 3481, '2020-05-15', 10, 10, '2020-06-23', 'لما سليم', NULL, 'zarqa', '2020-09-13'),
(114, 3482, '2020-05-15', 10, 10, '2020-06-23', 'وليد مكحل', NULL, 'zarqa', '2020-09-13'),
(115, 3483, '2020-05-17', 10, NULL, NULL, 'يزيد حماد', NULL, 'zarqa', '2020-09-13'),
(116, 3484, '2020-05-17', 10, 10, '2020-06-23', 'عادل فريون', NULL, 'zarqa', '2020-09-13'),
(117, 3485, '2020-05-18', 10, 10, '2020-06-23', 'سعيد ابو شعيره', NULL, 'zarqa', '2020-09-13'),
(118, 3486, '2020-05-18', 20, NULL, NULL, 'ماجد الحويطي', NULL, 'zarqa', '2020-09-13'),
(119, 3487, '2020-05-18', 10, 10, '2020-06-23', 'سلاح الجو', NULL, 'zarqa', '2020-09-13'),
(120, 3488, '2020-05-19', 10, NULL, NULL, 'عبد الهادي التلاوي', NULL, 'zarqa', '2020-09-13'),
(121, 3489, '2020-05-21', 10, 10, '2020-06-24', 'عبد الله رميه', NULL, 'zarqa', '2020-09-13'),
(122, 3490, '2020-05-21', 10, NULL, NULL, 'خالد النادي', NULL, 'zarqa', '2020-09-13'),
(123, 3491, '2020-05-21', 10, NULL, NULL, 'سلمان نصار', NULL, 'zarqa', '2020-09-13'),
(124, 3492, '2020-05-21', 10, 10, '2020-06-24', 'همام هاشم', NULL, 'zarqa', '2020-09-13'),
(125, 3493, '2020-05-25', 10, 10, '2020-06-24', 'مؤسسه الاستثمار', NULL, 'zarqa', '2020-09-13'),
(126, 3494, '2020-05-25', 10, 10, '2020-06-24', 'مأمون الجنيدي', NULL, 'zarqa', '2020-09-13'),
(127, 3495, '2020-05-25', 10, 10, '2020-06-24', 'هاني الشيشاني', NULL, 'zarqa', '2020-09-13'),
(128, 3496, '2020-05-26', 10, 10, '2020-06-24', 'محمد سلمان', NULL, 'zarqa', '2020-09-13'),
(129, 3497, '2020-05-26', 10, 10, '2020-06-24', 'اياد النمر', NULL, 'zarqa', '2020-09-13'),
(130, 3498, '2020-05-26', 10, 10, '2020-06-24', 'حمزه الهياجنه', NULL, 'zarqa', '2020-09-13'),
(131, 3499, '2020-05-27', 10, 10, '2020-06-24', 'فادي بني خلف', NULL, 'zarqa', '2020-09-13'),
(132, 3500, '2020-05-27', 10, 10, '2020-06-24', 'ابراهيم الغباري', NULL, 'zarqa', '2020-09-13'),
(133, 3651, '2020-05-27', 10, 10, '2020-06-24', 'ابراهيم الغباري', NULL, 'zarqa', '2020-09-13'),
(134, 3652, '2020-05-28', 10, 10, '2020-06-24', 'د. احمد صوالحه', NULL, 'zarqa', '2020-09-13'),
(135, 3653, '2020-05-28', 10, NULL, NULL, 'عامر هاشم بدوي', NULL, 'zarqa', '2020-09-13'),
(136, 3654, '2020-05-28', 10, 10, '2020-06-24', 'علي عاصم', NULL, 'zarqa', '2020-09-13'),
(137, 3655, '2020-05-28', 10, NULL, NULL, 'نادر خالد', NULL, 'zarqa', '2020-09-13'),
(138, 3656, '2020-05-30', 20, NULL, NULL, 'مصطفى البوريني', NULL, 'zarqa', '2020-09-13'),
(139, 3657, '2020-05-30', 10, 10, '2020-06-24', 'حازم الزواهره', NULL, 'zarqa', '2020-09-13'),
(140, 3658, '2020-05-30', 10, NULL, NULL, 'حمزه الخالدي', NULL, 'zarqa', '2020-09-13'),
(141, 3659, '2020-05-30', 10, NULL, NULL, 'حسام صالح', NULL, 'zarqa', '2020-09-13'),
(142, 3660, '2020-05-30', 20, NULL, NULL, 'لؤي سمير', NULL, 'zarqa', '2020-09-13'),
(143, 3661, '2020-06-01', 20, NULL, NULL, 'احمد صالح', NULL, 'zarqa', '2020-09-13'),
(144, 3662, '2020-06-01', 10, NULL, NULL, 'رعد عربي', NULL, 'zarqa', '2020-09-13'),
(145, 3663, '2020-06-02', 10, NULL, NULL, 'ابراهيم مأمون', NULL, 'zarqa', '2020-09-13'),
(146, 3664, '2020-06-02', 10, NULL, NULL, 'خلود الحجاوي', NULL, 'zarqa', '2020-09-13'),
(147, 3665, '2020-06-02', 10, NULL, NULL, 'عمر السرحان', NULL, 'zarqa', '2020-09-13'),
(148, 3666, '2020-06-02', 10, NULL, NULL, 'محمد كطرقه', NULL, 'zarqa', '2020-09-13'),
(149, 3667, '2020-06-03', 20, NULL, NULL, 'عنان الدين ابو عبيد', NULL, 'zarqa', '2020-09-13'),
(150, 3668, '2020-06-03', 30, NULL, NULL, 'الجيش العربي', NULL, 'zarqa', '2020-09-13'),
(151, 3669, '2020-06-03', 20, NULL, NULL, 'رامي المغوار', NULL, 'zarqa', '2020-09-13'),
(152, 3670, '2020-06-03', 10, NULL, NULL, 'عيسى البزايعه', NULL, 'zarqa', '2020-09-13'),
(153, 3671, '2020-06-03', 10, NULL, NULL, 'رامي علاوي', NULL, 'zarqa', '2020-09-13'),
(154, 3672, '2020-06-03', 10, NULL, NULL, 'فيصل التميمي', NULL, 'zarqa', '2020-09-13'),
(155, 3673, '2020-06-03', 5, NULL, NULL, 'قصي منير', NULL, 'zarqa', '2020-09-13'),
(156, 3674, '2020-06-03', 10, NULL, NULL, 'حسن الشعلان', NULL, 'zarqa', '2020-09-13'),
(157, 3675, '2020-06-03', 10, NULL, NULL, 'احمد جمعه', NULL, 'zarqa', '2020-09-13'),
(158, 3676, '2020-06-03', 10, NULL, NULL, 'احمد الغول', NULL, 'zarqa', '2020-09-13'),
(159, 3677, '2020-06-03', 10, NULL, NULL, 'احمد الحواري', NULL, 'zarqa', '2020-09-13'),
(160, 3678, '2020-06-04', 10, NULL, NULL, 'غيث الحياري', NULL, 'zarqa', '2020-09-13'),
(161, 3679, '2020-06-04', 10, NULL, NULL, 'محمد الزيود', NULL, 'zarqa', '2020-09-13'),
(162, 3680, '2020-06-04', 10, NULL, NULL, 'روان صالح', NULL, 'zarqa', '2020-09-13'),
(163, 3681, '2020-06-04', 10, NULL, NULL, 'جمعه ابو عيشه', NULL, 'zarqa', '2020-09-13'),
(164, 3682, '2020-06-04', 10, NULL, NULL, 'عيسى الساحوري', NULL, 'zarqa', '2020-09-13'),
(165, 3683, '2020-06-04', 10, NULL, NULL, 'طارق العمايره', NULL, 'zarqa', '2020-09-13'),
(166, 3684, '2020-06-04', 20, NULL, NULL, 'علي علاونه', NULL, 'zarqa', '2020-09-13'),
(167, 3685, '2020-06-04', 10, NULL, NULL, 'احمد محمد عبد الرحمن', NULL, 'zarqa', '2020-09-13'),
(168, 3686, '2020-06-04', 10, NULL, NULL, 'خالد عليمات', NULL, 'zarqa', '2020-09-13'),
(169, 3687, '2020-06-04', 10, NULL, NULL, 'احمد العموش', NULL, 'zarqa', '2020-09-13'),
(170, 3688, '2020-06-04', 10, NULL, NULL, 'عماد الحسبان', NULL, 'zarqa', '2020-09-13'),
(171, 3689, '2020-06-06', 10, NULL, NULL, 'عبد الله الغويري', NULL, 'zarqa', '2020-09-13'),
(172, 3690, '2020-06-06', 30, NULL, NULL, 'اكرم خالد مفلح', NULL, 'zarqa', '2020-09-13'),
(173, 3691, '2020-06-06', 10, NULL, NULL, 'يوسف سلمان', NULL, 'zarqa', '2020-09-13'),
(174, 3692, '2020-06-06', 10, NULL, NULL, 'فارس قدومي', NULL, 'zarqa', '2020-09-13'),
(175, 3693, '2020-06-06', 10, NULL, NULL, 'عامر ابراهيم', NULL, 'zarqa', '2020-09-13'),
(176, 3694, '2020-06-06', 10, NULL, NULL, 'محمود الزيود', NULL, 'zarqa', '2020-09-13'),
(177, 3695, '2020-06-06', 20, NULL, NULL, 'خالد حجازين', NULL, 'zarqa', '2020-09-13'),
(178, 3696, '2020-06-06', 10, NULL, NULL, 'رضى القصراوي', NULL, 'zarqa', '2020-09-13'),
(179, 3697, '2020-06-06', 10, NULL, NULL, 'احمد ملكاوي', NULL, 'zarqa', '2020-09-13'),
(180, 3698, '2020-06-06', 10, NULL, NULL, 'عدي ابو صافيه', NULL, 'zarqa', '2020-09-13'),
(181, 3699, '2020-06-06', 10, NULL, NULL, 'د. محمد ابو ضبعان', NULL, 'zarqa', '2020-09-13'),
(182, 3700, '2020-06-06', 10, NULL, NULL, 'سيف الرشايده', NULL, 'zarqa', '2020-09-13'),
(183, 3501, '2020-06-07', 20, NULL, NULL, 'الجيش العربي', NULL, 'zarqa', '2020-09-13'),
(184, 3502, '2020-06-07', 10, NULL, NULL, 'انس ابو الراغب', NULL, 'zarqa', '2020-09-13'),
(185, 3503, '2020-06-07', 10, NULL, NULL, 'طلال الطراونه', NULL, 'zarqa', '2020-09-13'),
(186, 3504, '2020-06-07', 10, NULL, NULL, 'اشرف محمد', NULL, 'zarqa', '2020-09-13'),
(187, 3505, '2020-06-07', 10, NULL, NULL, 'ضياء المشاقبه', NULL, 'zarqa', '2020-09-13'),
(188, 3506, '2020-06-08', 40, NULL, NULL, 'شهزاد', NULL, 'zarqa', '2020-09-13'),
(189, 3507, '2020-06-08', 20, NULL, NULL, 'محمد الحباشنه', NULL, 'zarqa', '2020-09-13'),
(190, 3508, '2020-06-08', 10, NULL, NULL, 'صالح الخالدي', NULL, 'zarqa', '2020-09-13'),
(191, 3509, '2020-06-09', 10, NULL, NULL, 'الجيش العربي', NULL, 'zarqa', '2020-09-13'),
(192, 3510, '2020-06-09', 10, NULL, NULL, 'منور الخلايله', NULL, 'zarqa', '2020-09-13'),
(193, 3511, '2020-06-09', 20, NULL, NULL, 'الجيش العربي', NULL, 'zarqa', '2020-09-13'),
(194, 3512, '2020-06-09', 20, NULL, NULL, 'عوده المشاقبه', NULL, 'zarqa', '2020-09-13'),
(195, 3513, '2020-06-09', 10, NULL, NULL, 'علي البشابشه', NULL, 'zarqa', '2020-09-13'),
(196, 3514, '2020-06-09', 10, NULL, NULL, 'ابراهيم الزعبي', NULL, 'zarqa', '2020-09-13'),
(197, 3515, '2020-06-10', 10, NULL, NULL, 'خالد عيسى', NULL, 'zarqa', '2020-09-13'),
(198, 3516, '2020-06-10', 20, NULL, NULL, 'محمد المشاقبه', NULL, 'zarqa', '2020-09-13'),
(199, 3517, '2020-06-10', 20, NULL, NULL, 'صدقي الحاج', NULL, 'zarqa', '2020-09-13'),
(200, 3518, '2020-06-11', 10, NULL, NULL, 'تامر المشاقبه', NULL, 'zarqa', '2020-09-13'),
(201, 3519, '2020-06-11', 10, NULL, NULL, 'حمزه الخوالده', NULL, 'zarqa', '2020-09-13'),
(202, 3520, '2020-06-11', 10, NULL, NULL, 'حاتم النجار', NULL, 'zarqa', '2020-09-13'),
(203, 3521, '2020-06-11', 20, NULL, NULL, 'زكريا محمد يعقوب', NULL, 'zarqa', '2020-09-13'),
(204, 3522, '2020-06-12', 10, NULL, NULL, 'طلال محمد', NULL, 'zarqa', '2020-09-13'),
(205, 3523, '2020-06-12', 10, NULL, NULL, 'حذيفه ابو عيد', NULL, 'zarqa', '2020-09-13'),
(206, 3524, '2020-06-12', 10, NULL, NULL, 'احمد ياسين', NULL, 'zarqa', '2020-09-13'),
(207, 3525, '2020-06-12', 10, NULL, NULL, 'بهاء العلاونه', NULL, 'zarqa', '2020-09-13'),
(208, 3526, '2020-06-12', 10, NULL, NULL, 'محمد شريم', NULL, 'zarqa', '2020-09-13'),
(209, 3527, '2020-06-12', 10, NULL, NULL, 'سليم المساعيد', NULL, 'zarqa', '2020-09-13'),
(210, 3528, '2020-06-12', 10, NULL, NULL, 'ابو حاتم المشاقبه', NULL, 'zarqa', '2020-09-13'),
(211, 3529, '2020-06-12', 10, NULL, NULL, 'اشرف البلعاوي', NULL, 'zarqa', '2020-09-13'),
(212, 3530, '2020-06-13', 10, NULL, NULL, 'فيصل محمد', NULL, 'zarqa', '2020-09-13'),
(213, 3531, '2020-06-13', 40, NULL, NULL, 'محمد جبر', NULL, 'zarqa', '2020-09-13'),
(214, 3532, '2020-06-13', 10, NULL, NULL, 'هيثم المشاقبه', NULL, 'zarqa', '2020-09-13'),
(215, 3533, '2020-06-13', 10, NULL, NULL, 'عبد الكريم سلامه', NULL, 'zarqa', '2020-09-13'),
(216, 3534, '2020-06-13', 30, NULL, NULL, 'ناصر المعايطه', NULL, 'zarqa', '2020-09-13'),
(217, 3535, '2020-06-13', 10, NULL, NULL, 'زيد العمري', NULL, 'zarqa', '2020-09-13'),
(218, 3536, '2020-06-13', 10, NULL, NULL, 'عادل فرعون', NULL, 'zarqa', '2020-09-13'),
(219, 3537, '2020-06-13', 10, NULL, NULL, 'عادل العبادي', NULL, 'zarqa', '2020-09-13'),
(220, 3538, '2020-06-13', 10, NULL, NULL, 'عبد الرزاق مسامح', NULL, 'zarqa', '2020-09-13'),
(221, 3539, '2020-06-14', 10, NULL, NULL, 'ابراهيم جزاع', NULL, 'zarqa', '2020-09-13'),
(222, 3540, '2020-06-14', 10, NULL, NULL, 'احمد نعيم', NULL, 'zarqa', '2020-09-13'),
(223, 3541, '2020-06-14', 10, NULL, NULL, 'عبد العزيز ابو عماره', NULL, 'zarqa', '2020-09-13'),
(225, 3543, '2020-06-15', 10, NULL, NULL, 'راشد المشاقبه', NULL, 'zarqa', '2020-09-13'),
(226, 3544, '2020-06-15', 10, NULL, NULL, 'عمر الحلايله', NULL, 'zarqa', '2020-09-13'),
(227, 3545, '2020-06-15', 10, NULL, NULL, 'مأمون الريان', NULL, 'zarqa', '2020-09-13'),
(228, 3546, '2020-06-15', 10, NULL, NULL, 'مجد ادريس', NULL, 'zarqa', '2020-09-13'),
(229, 3547, '2020-06-15', 10, NULL, NULL, 'عز الدين عزت', NULL, 'zarqa', '2020-09-13'),
(232, 3550, '2020-06-16', 10, 10, '2020-09-13', 'حموده محمد', NULL, 'zarqa', '2020-09-13');

--
-- Indexes for dumped tables
--

--
-- Indexes for table `7th`
--
ALTER TABLE `7th`
  ADD PRIMARY KEY (`id`);

--
-- Indexes for table `customers`
--
ALTER TABLE `customers`
  ADD PRIMARY KEY (`id`);

--
-- Indexes for table `freedom_street`
--
ALTER TABLE `freedom_street`
  ADD PRIMARY KEY (`id`);

--
-- Indexes for table `irbid`
--
ALTER TABLE `irbid`
  ADD PRIMARY KEY (`id`);

--
-- Indexes for table `jabl_amman`
--
ALTER TABLE `jabl_amman`
  ADD PRIMARY KEY (`id`);

--
-- Indexes for table `khalda`
--
ALTER TABLE `khalda`
  ADD PRIMARY KEY (`id`);

--
-- Indexes for table `madenah_street`
--
ALTER TABLE `madenah_street`
  ADD PRIMARY KEY (`id`);

--
-- Indexes for table `mafraq`
--
ALTER TABLE `mafraq`
  ADD PRIMARY KEY (`id`);

--
-- Indexes for table `permissions`
--
ALTER TABLE `permissions`
  ADD PRIMARY KEY (`id`);

--
-- Indexes for table `roles`
--
ALTER TABLE `roles`
  ADD PRIMARY KEY (`id`);

--
-- Indexes for table `role_perm`
--
ALTER TABLE `role_perm`
  ADD PRIMARY KEY (`id`);

--
-- Indexes for table `tabrbor`
--
ALTER TABLE `tabrbor`
  ADD PRIMARY KEY (`id`);

--
-- Indexes for table `users`
--
ALTER TABLE `users`
  ADD PRIMARY KEY (`id`);

--
-- Indexes for table `zarqa`
--
ALTER TABLE `zarqa`
  ADD PRIMARY KEY (`id`);

--
-- AUTO_INCREMENT for dumped tables
--

--
-- AUTO_INCREMENT for table `7th`
--
ALTER TABLE `7th`
  MODIFY `id` int(11) NOT NULL AUTO_INCREMENT, AUTO_INCREMENT=173;

--
-- AUTO_INCREMENT for table `customers`
--
ALTER TABLE `customers`
  MODIFY `id` int(11) NOT NULL AUTO_INCREMENT, AUTO_INCREMENT=19;

--
-- AUTO_INCREMENT for table `freedom_street`
--
ALTER TABLE `freedom_street`
  MODIFY `id` int(11) NOT NULL AUTO_INCREMENT, AUTO_INCREMENT=191;

--
-- AUTO_INCREMENT for table `irbid`
--
ALTER TABLE `irbid`
  MODIFY `id` int(11) NOT NULL AUTO_INCREMENT, AUTO_INCREMENT=153;

--
-- AUTO_INCREMENT for table `jabl_amman`
--
ALTER TABLE `jabl_amman`
  MODIFY `id` int(11) NOT NULL AUTO_INCREMENT, AUTO_INCREMENT=89;

--
-- AUTO_INCREMENT for table `khalda`
--
ALTER TABLE `khalda`
  MODIFY `id` int(11) NOT NULL AUTO_INCREMENT, AUTO_INCREMENT=107;

--
-- AUTO_INCREMENT for table `madenah_street`
--
ALTER TABLE `madenah_street`
  MODIFY `id` int(11) NOT NULL AUTO_INCREMENT, AUTO_INCREMENT=157;

--
-- AUTO_INCREMENT for table `mafraq`
--
ALTER TABLE `mafraq`
  MODIFY `id` int(11) NOT NULL AUTO_INCREMENT, AUTO_INCREMENT=6;

--
-- AUTO_INCREMENT for table `permissions`
--
ALTER TABLE `permissions`
  MODIFY `id` int(11) NOT NULL AUTO_INCREMENT, AUTO_INCREMENT=28;

--
-- AUTO_INCREMENT for table `roles`
--
ALTER TABLE `roles`
  MODIFY `id` int(11) NOT NULL AUTO_INCREMENT, AUTO_INCREMENT=7;

--
-- AUTO_INCREMENT for table `role_perm`
--
ALTER TABLE `role_perm`
  MODIFY `id` int(11) NOT NULL AUTO_INCREMENT, AUTO_INCREMENT=133;

--
-- AUTO_INCREMENT for table `tabrbor`
--
ALTER TABLE `tabrbor`
  MODIFY `id` int(11) NOT NULL AUTO_INCREMENT, AUTO_INCREMENT=184;

--
-- AUTO_INCREMENT for table `users`
--
ALTER TABLE `users`
  MODIFY `id` int(11) NOT NULL AUTO_INCREMENT, AUTO_INCREMENT=23;

--
-- AUTO_INCREMENT for table `zarqa`
--
ALTER TABLE `zarqa`
  MODIFY `id` int(11) NOT NULL AUTO_INCREMENT, AUTO_INCREMENT=233;
COMMIT;

/*!40101 SET CHARACTER_SET_CLIENT=@OLD_CHARACTER_SET_CLIENT */;
/*!40101 SET CHARACTER_SET_RESULTS=@OLD_CHARACTER_SET_RESULTS */;
/*!40101 SET COLLATION_CONNECTION=@OLD_COLLATION_CONNECTION */;
